timestamp,conso_serveur_kw,conso_securite_kw,conso_eclairage_kw,conso_climatisation_kw,conso_imprimante_kw,conso_totale_kw,production_solaire_kw,heure,jour_semaine,lag_1h,lag_2h,lag_24h
2026-08-02 00:00:00,0.506,0.157,0.0,0.0,0.023,0.686,0.026,0,6,0.726,0.722,0.697
2026-08-02 00:15:00,0.505,0.162,0.0,0.166,0.013,0.845,0.0,0,6,0.675,0.715,0.66
2026-08-02 00:30:00,0.5,0.152,0.0,0.0,0.011,0.663,0.067,0,6,0.672,0.824,0.675
2026-08-02 00:45:00,0.495,0.137,0.0,0.0,0.014,0.646,0.0,0,6,0.822,0.761,0.83
2026-08-02 01:00:00,0.472,0.154,0.0,0.107,0.016,0.749,0.0,1,6,0.686,0.726,0.706
2026-08-02 01:15:00,0.492,0.143,0.004,0.127,0.02,0.785,0.03,1,6,0.845,0.675,0.658
2026-08-02 01:30:00,0.493,0.145,0.012,0.0,0.022,0.672,0.053,1,6,0.663,0.672,0.685
2026-08-02 01:45:00,0.484,0.156,0.0,0.0,0.0,0.64,0.149,1,6,0.646,0.822,0.701
2026-08-02 02:00:00,0.497,0.162,0.0,0.0,0.012,0.671,0.0,2,6,0.749,0.686,0.726
2026-08-02 02:15:00,0.508,0.15,0.0,0.034,0.016,0.708,0.148,2,6,0.785,0.845,0.763
2026-08-02 02:30:00,0.538,0.153,0.0,0.089,0.035,0.815,0.0,2,6,0.672,0.663,0.648
2026-08-02 02:45:00,0.503,0.167,0.0,0.001,0.009,0.681,0.133,2,6,0.64,0.646,0.699
2026-08-02 03:00:00,0.505,0.152,0.012,0.062,0.022,0.754,0.082,3,6,0.671,0.749,0.781
2026-08-02 03:15:00,0.499,0.176,0.0,0.165,0.035,0.874,0.0,3,6,0.708,0.785,0.643
2026-08-02 03:30:00,0.462,0.156,0.0,0.039,0.007,0.663,0.031,3,6,0.815,0.672,0.737
2026-08-02 03:45:00,0.499,0.132,0.013,0.033,0.024,0.701,0.0,3,6,0.681,0.64,0.975
2026-08-02 04:00:00,0.501,0.158,0.017,0.0,0.012,0.688,0.063,4,6,0.754,0.671,0.667
2026-08-02 04:15:00,0.549,0.154,0.078,0.0,0.015,0.796,0.0,4,6,0.874,0.708,0.761
2026-08-02 04:30:00,0.496,0.163,0.048,0.042,0.012,0.761,0.0,4,6,0.663,0.815,0.707
2026-08-02 04:45:00,0.506,0.157,0.045,0.0,0.013,0.72,0.137,4,6,0.701,0.681,0.716
2026-08-02 05:00:00,0.499,0.149,0.095,0.0,0.047,0.791,0.0,5,6,0.688,0.754,0.838
2026-08-02 05:15:00,0.477,0.138,0.102,0.031,0.028,0.776,0.083,5,6,0.796,0.874,0.839
2026-08-02 05:30:00,0.523,0.148,0.18,0.003,0.031,0.885,0.0,5,6,0.761,0.663,0.849
2026-08-02 05:45:00,0.515,0.141,0.21,0.124,0.025,1.015,0.167,5,6,0.72,0.701,0.927
2026-08-02 06:00:00,0.516,0.094,0.283,0.023,0.004,0.92,0.0,6,6,0.791,0.688,1.041
2026-08-02 06:15:00,0.482,0.106,0.28,0.0,0.024,0.891,0.174,6,6,0.776,0.796,0.934
2026-08-02 06:30:00,0.528,0.117,0.298,0.121,0.031,1.094,0.623,6,6,0.885,0.761,1.015
2026-08-02 06:45:00,0.472,0.104,0.278,0.005,0.011,0.871,0.658,6,6,1.015,0.72,0.886
2026-08-02 07:00:00,0.512,0.088,0.3,0.086,0.03,1.014,1.093,7,6,0.92,0.791,0.975
2026-08-02 07:15:00,0.544,0.104,0.22,0.0,0.027,0.895,1.247,7,6,0.891,0.776,0.89
2026-08-02 07:30:00,0.48,0.112,0.219,0.0,0.039,0.849,1.363,7,6,1.094,0.885,0.785
2026-08-02 07:45:00,0.489,0.094,0.154,0.065,0.016,0.818,1.412,7,6,0.871,1.015,0.881
2026-08-02 08:00:00,0.502,0.099,0.107,0.069,0.009,0.786,1.8,8,6,1.014,0.92,0.756
2026-08-02 08:15:00,0.49,0.1,0.072,0.128,0.016,0.806,2.012,8,6,0.895,0.891,0.68
2026-08-02 08:30:00,0.469,0.092,0.048,0.066,0.034,0.71,2.31,8,6,0.849,1.094,0.77
2026-08-02 08:45:00,0.501,0.106,0.0,0.0,0.002,0.61,2.535,8,6,0.818,0.871,0.819
2026-08-02 09:00:00,0.479,0.099,0.008,0.081,0.0,0.667,2.479,9,6,0.786,1.014,0.7
2026-08-02 09:15:00,0.509,0.104,0.024,0.222,0.021,0.88,2.789,9,6,0.806,0.895,0.836
2026-08-02 09:30:00,0.482,0.091,0.002,0.133,0.016,0.723,2.935,9,6,0.71,0.849,0.858
2026-08-02 09:45:00,0.531,0.096,0.0,0.159,0.02,0.805,3.103,9,6,0.61,0.818,0.749
2026-08-02 10:00:00,0.484,0.107,0.0,0.304,0.029,0.925,3.17,10,6,0.667,0.786,0.701
2026-08-02 10:15:00,0.494,0.096,0.034,0.158,0.014,0.796,3.037,10,6,0.88,0.806,0.858
2026-08-02 10:30:00,0.516,0.117,0.025,0.099,0.001,0.759,3.313,10,6,0.723,0.71,0.867
2026-08-02 10:45:00,0.475,0.096,0.0,0.262,0.04,0.874,3.296,10,6,0.805,0.61,0.972
2026-08-02 11:00:00,0.505,0.102,0.019,0.255,0.01,0.891,3.46,11,6,0.925,0.667,0.854
2026-08-02 11:15:00,0.526,0.109,0.0,0.232,0.009,0.877,3.632,11,6,0.796,0.88,0.714
2026-08-02 11:30:00,0.468,0.086,0.0,0.336,0.031,0.92,3.603,11,6,0.759,0.723,0.978
2026-08-02 11:45:00,0.504,0.082,0.0,0.427,0.016,1.029,3.71,11,6,0.874,0.805,0.984
2026-08-02 12:00:00,0.505,0.085,0.031,0.399,0.019,1.04,3.637,12,6,0.891,0.925,1.124
2026-08-02 12:15:00,0.516,0.113,0.0,0.452,0.025,1.106,3.466,12,6,0.877,0.796,0.945
2026-08-02 12:30:00,0.475,0.094,0.0,0.623,0.031,1.223,3.32,12,6,0.92,0.759,1.254
2026-08-02 12:45:00,0.474,0.126,0.0,0.424,0.017,1.04,3.549,12,6,1.029,0.874,0.896
2026-08-02 13:00:00,0.51,0.094,0.038,0.501,0.035,1.179,3.459,13,6,1.04,0.891,1.19
2026-08-02 13:15:00,0.506,0.102,0.033,0.434,0.0,1.074,3.314,13,6,1.106,0.877,1.083
2026-08-02 13:30:00,0.505,0.115,0.044,0.408,0.028,1.101,3.159,13,6,1.223,0.92,1.242
2026-08-02 13:45:00,0.507,0.12,0.0,0.44,0.012,1.078,3.158,13,6,1.04,1.029,1.158
2026-08-02 14:00:00,0.486,0.121,0.006,0.452,0.034,1.099,3.101,14,6,1.179,1.04,1.21
2026-08-02 14:15:00,0.505,0.112,0.0,0.534,0.021,1.172,3.063,14,6,1.074,1.106,1.062
2026-08-02 14:30:00,0.506,0.11,0.031,0.728,0.013,1.388,2.877,14,6,1.101,1.223,1.024
2026-08-02 14:45:00,0.486,0.106,0.0,0.413,0.027,1.031,2.87,14,6,1.078,1.04,1.261
2026-08-02 15:00:00,0.537,0.108,0.008,0.431,0.029,1.113,2.444,15,6,1.099,1.179,1.105
2026-08-02 15:15:00,0.509,0.094,0.0,0.452,0.026,1.082,2.464,15,6,1.172,1.074,1.085
2026-08-02 15:30:00,0.476,0.092,0.0,0.481,0.01,1.059,2.198,15,6,1.388,1.101,1.181
2026-08-02 15:45:00,0.513,0.1,0.0,0.448,0.015,1.076,2.071,15,6,1.031,1.078,0.975
2026-08-02 16:00:00,0.481,0.098,0.008,0.529,0.02,1.135,1.758,16,6,1.113,1.099,1.097
2026-08-02 16:15:00,0.516,0.095,0.018,0.135,0.02,0.783,1.701,16,6,1.082,1.172,1.004
2026-08-02 16:30:00,0.523,0.107,0.03,0.115,0.027,0.802,1.408,16,6,1.059,1.388,1.004
2026-08-02 16:45:00,0.484,0.11,0.073,0.279,0.0,0.945,1.09,16,6,1.076,1.031,1.014
2026-08-02 17:00:00,0.519,0.101,0.053,0.413,0.023,1.109,0.931,17,6,1.135,1.113,0.844
2026-08-02 17:15:00,0.508,0.115,0.102,0.121,0.017,0.863,0.679,17,6,0.783,1.082,0.911
2026-08-02 17:30:00,0.516,0.089,0.148,0.0,0.012,0.764,0.519,17,6,0.802,1.059,1.104
2026-08-02 17:45:00,0.538,0.098,0.142,0.286,0.013,1.076,0.118,17,6,0.945,1.076,1.128
2026-08-02 18:00:00,0.495,0.093,0.168,0.23,0.018,1.003,0.0,18,6,1.109,1.135,1.026
2026-08-02 18:15:00,0.485,0.081,0.207,0.074,0.0,0.848,0.04,18,6,0.863,0.783,1.064
2026-08-02 18:30:00,0.482,0.099,0.264,0.064,0.013,0.922,0.003,18,6,0.764,0.802,0.974
2026-08-02 18:45:00,0.484,0.099,0.269,0.046,0.011,0.908,0.135,18,6,1.076,0.945,1.186
2026-08-02 19:00:00,0.498,0.115,0.273,0.136,0.025,1.048,0.077,19,6,1.003,1.109,1.027
2026-08-02 19:15:00,0.507,0.106,0.306,0.046,0.012,0.976,0.0,19,6,0.848,0.863,1.06
2026-08-02 19:30:00,0.506,0.09,0.278,0.143,0.018,1.034,0.022,19,6,0.922,0.764,1.115
2026-08-02 19:45:00,0.517,0.119,0.309,0.0,0.035,0.98,0.03,19,6,0.908,1.076,0.887
2026-08-02 20:00:00,0.5,0.162,0.292,0.0,0.03,0.984,0.04,20,6,1.048,1.003,1.156
2026-08-02 20:15:00,0.529,0.156,0.259,0.0,0.029,0.973,0.0,20,6,0.976,0.848,0.92
2026-08-02 20:30:00,0.495,0.148,0.223,0.022,0.015,0.903,0.0,20,6,1.034,0.922,1.159
2026-08-02 20:45:00,0.554,0.14,0.194,0.0,0.025,0.915,0.0,20,6,0.98,0.908,0.854
2026-08-02 21:00:00,0.513,0.146,0.193,0.113,0.018,0.982,0.128,21,6,0.984,1.048,0.831
2026-08-02 21:15:00,0.483,0.161,0.176,0.0,0.018,0.838,0.0,21,6,0.973,0.976,0.777
2026-08-02 21:30:00,0.479,0.169,0.111,0.027,0.024,0.809,0.0,21,6,0.903,1.034,0.819
2026-08-02 21:45:00,0.51,0.165,0.107,0.074,0.014,0.869,0.09,21,6,0.915,0.98,0.77
2026-08-02 22:00:00,0.496,0.145,0.033,0.2,0.035,0.909,0.042,22,6,0.982,0.984,0.722
2026-08-02 22:15:00,0.514,0.139,0.044,0.0,0.018,0.716,0.0,22,6,0.838,0.973,0.715
2026-08-02 22:30:00,0.509,0.151,0.04,0.041,0.026,0.769,0.0,22,6,0.809,0.903,0.824
2026-08-02 22:45:00,0.499,0.132,0.01,0.0,0.035,0.676,0.0,22,6,0.869,0.915,0.761
2026-08-02 23:00:00,0.483,0.153,0.001,0.0,0.03,0.668,0.0,23,6,0.909,0.982,0.726
2026-08-02 23:15:00,0.47,0.149,0.0,0.089,0.006,0.713,0.0,23,6,0.716,0.838,0.675
2026-08-02 23:30:00,0.491,0.145,0.014,0.003,0.024,0.678,0.0,23,6,0.769,0.809,0.672
2026-08-02 23:45:00,0.517,0.134,0.002,0.12,0.029,0.802,0.0,23,6,0.676,0.869,0.822
2026-08-03 00:00:00,0.504,0.155,0.0,0.0,0.029,0.688,0.0,0,0,0.668,0.909,0.686
2026-08-03 00:15:00,0.475,0.145,0.0,0.052,0.009,0.681,0.115,0,0,0.713,0.716,0.845
2026-08-03 00:30:00,0.503,0.138,0.0,0.187,0.013,0.842,0.0,0,0,0.678,0.769,0.663
2026-08-03 00:45:00,0.508,0.121,0.009,0.042,0.03,0.71,0.004,0,0,0.802,0.676,0.646
2026-08-03 01:00:00,0.482,0.15,0.0,0.028,0.012,0.672,0.04,1,0,0.688,0.668,0.749
2026-08-03 01:15:00,0.503,0.168,0.0,0.001,0.017,0.689,0.0,1,0,0.681,0.713,0.785
2026-08-03 01:30:00,0.501,0.167,0.0,0.0,0.036,0.704,0.046,1,0,0.842,0.678,0.672
2026-08-03 01:45:00,0.477,0.145,0.028,0.136,0.02,0.806,0.0,1,0,0.71,0.802,0.64
2026-08-03 02:00:00,0.507,0.144,0.0,0.0,0.013,0.664,0.0,2,0,0.672,0.688,0.671
2026-08-03 02:15:00,0.511,0.155,0.008,0.052,0.011,0.736,0.057,2,0,0.689,0.681,0.708
2026-08-03 02:30:00,0.522,0.14,0.003,0.0,0.023,0.688,0.149,2,0,0.704,0.842,0.815
2026-08-03 02:45:00,0.521,0.153,0.0,0.0,0.007,0.681,0.072,2,0,0.806,0.71,0.681
2026-08-03 03:00:00,0.472,0.158,0.016,0.147,0.018,0.81,0.092,3,0,0.664,0.672,0.754
2026-08-03 03:15:00,0.481,0.162,0.006,0.0,0.023,0.673,0.0,3,0,0.736,0.689,0.874
2026-08-03 03:30:00,0.51,0.149,0.013,0.151,0.033,0.857,0.0,3,0,0.688,0.704,0.663
2026-08-03 03:45:00,0.51,0.148,0.085,0.0,0.027,0.77,0.149,3,0,0.681,0.806,0.701
2026-08-03 04:00:00,0.51,0.141,0.0,0.0,0.013,0.664,0.205,4,0,0.81,0.664,0.688
2026-08-03 04:15:00,0.577,0.142,0.058,0.102,0.032,0.911,0.154,4,0,0.673,0.736,0.796
2026-08-03 04:30:00,0.511,0.148,0.035,0.0,0.017,0.711,0.0,4,0,0.857,0.688,0.761
2026-08-03 04:45:00,0.523,0.154,0.071,0.091,0.008,0.846,0.0,4,0,0.77,0.681,0.72
2026-08-03 05:00:00,0.519,0.159,0.096,0.03,0.018,0.823,0.0,5,0,0.664,0.81,0.791
2026-08-03 05:15:00,0.513,0.142,0.129,0.0,0.034,0.818,0.0,5,0,0.911,0.673,0.776
2026-08-03 05:30:00,0.494,0.165,0.171,0.062,0.022,0.912,0.0,5,0,0.711,0.857,0.885
2026-08-03 05:45:00,0.515,0.147,0.233,0.277,0.02,1.192,0.161,5,0,0.846,0.77,1.015
2026-08-03 06:00:00,0.485,0.1,0.234,0.121,0.036,0.976,0.0,6,0,0.823,0.664,0.92
2026-08-03 06:15:00,0.495,0.093,0.306,0.083,0.006,0.982,0.204,6,0,0.818,0.911,0.891
2026-08-03 06:30:00,0.49,0.076,0.292,0.217,0.007,1.082,0.485,6,0,0.912,0.711,1.094
2026-08-03 06:45:00,0.502,0.109,0.268,0.156,0.004,1.038,0.479,6,0,1.192,0.846,0.871
2026-08-03 07:00:00,0.546,0.107,0.256,0.185,0.024,1.118,0.893,7,0,0.976,0.823,1.014
2026-08-03 07:15:00,0.463,0.097,0.252,0.09,0.022,0.923,1.056,7,0,0.982,0.818,0.895
2026-08-03 07:30:00,0.514,0.101,0.171,0.262,0.035,1.084,1.006,7,0,1.082,0.912,0.849
2026-08-03 07:45:00,0.468,0.105,0.145,0.389,0.022,1.129,1.121,7,0,1.038,1.192,0.818
2026-08-03 08:00:00,0.491,0.084,0.083,0.255,0.016,0.928,1.402,8,0,1.118,0.976,0.786
2026-08-03 08:15:00,0.522,0.095,0.08,0.541,0.02,1.257,1.445,8,0,0.923,0.982,0.806
2026-08-03 08:30:00,0.501,0.108,0.054,0.457,0.021,1.141,1.506,8,0,1.084,1.082,0.71
2026-08-03 08:45:00,0.478,0.087,0.061,0.452,0.348,1.427,1.885,8,0,1.129,1.038,0.61
2026-08-03 09:00:00,0.486,0.103,0.01,0.723,0.047,1.369,2.005,9,0,0.928,1.118,0.667
2026-08-03 09:15:00,0.514,0.086,0.02,0.685,0.025,1.331,2.019,9,0,1.257,0.923,0.88
2026-08-03 09:30:00,0.485,0.105,0.005,0.888,0.022,1.505,1.987,9,0,1.141,1.084,0.723
2026-08-03 09:45:00,0.504,0.1,0.027,0.887,0.026,1.545,2.092,9,0,1.427,1.129,0.805
2026-08-03 10:00:00,0.501,0.084,0.0,1.022,0.027,1.634,2.318,10,0,1.369,0.928,0.925
2026-08-03 10:15:00,0.487,0.112,0.015,1.194,0.019,1.826,2.339,10,0,1.331,1.257,0.796
2026-08-03 10:30:00,0.543,0.093,0.0,1.295,0.014,1.944,2.427,10,0,1.505,1.141,0.759
2026-08-03 10:45:00,0.513,0.092,0.0,1.191,0.804,2.6,2.625,10,0,1.545,1.427,0.874
2026-08-03 11:00:00,0.459,0.102,0.002,1.404,0.024,1.991,2.647,11,0,1.634,1.369,0.891
2026-08-03 11:15:00,0.504,0.111,0.005,1.735,0.012,2.367,2.751,11,0,1.826,1.331,0.877
2026-08-03 11:30:00,0.487,0.09,0.0,1.753,0.034,2.364,2.542,11,0,1.944,1.505,0.92
2026-08-03 11:45:00,0.517,0.101,0.004,1.835,0.023,2.48,2.624,11,0,2.6,1.545,1.029
2026-08-03 12:00:00,0.484,0.104,0.032,1.866,0.027,2.513,2.74,12,0,1.991,1.634,1.04
2026-08-03 12:15:00,0.498,0.107,0.02,2.001,0.034,2.659,2.703,12,0,2.367,1.826,1.106
2026-08-03 12:30:00,0.51,0.102,0.017,2.004,0.02,2.654,2.795,12,0,2.364,1.944,1.223
2026-08-03 12:45:00,0.517,0.096,0.0,2.282,0.023,2.919,2.655,12,0,2.48,2.6,1.04
2026-08-03 13:00:00,0.476,0.092,0.0,2.305,0.583,3.456,2.758,13,0,2.513,1.991,1.179
2026-08-03 13:15:00,0.493,0.101,0.019,2.326,0.013,2.953,2.577,13,0,2.659,2.367,1.074
2026-08-03 13:30:00,0.491,0.089,0.018,2.459,0.545,3.601,2.567,13,0,2.654,2.364,1.101
2026-08-03 13:45:00,0.487,0.071,0.03,2.528,0.021,3.136,2.357,13,0,2.919,2.48,1.078
2026-08-03 14:00:00,0.535,0.104,0.0,2.709,0.01,3.359,2.309,14,0,3.456,2.513,1.099
2026-08-03 14:15:00,0.508,0.109,0.0,2.34,0.043,3.0,2.306,14,0,2.953,2.659,1.172
2026-08-03 14:30:00,0.475,0.076,0.0,2.581,0.006,3.139,2.275,14,0,3.601,2.654,1.388
2026-08-03 14:45:00,0.518,0.09,0.0,2.52,0.007,3.136,2.076,14,0,3.136,2.919,1.031
2026-08-03 15:00:00,0.542,0.106,0.023,2.287,0.033,2.992,1.875,15,0,3.359,3.456,1.113
2026-08-03 15:15:00,0.521,0.121,0.0,2.312,0.612,3.566,1.894,15,0,3.0,2.953,1.082
2026-08-03 15:30:00,0.47,0.1,0.021,2.16,0.01,2.761,1.403,15,0,3.139,3.601,1.059
2026-08-03 15:45:00,0.49,0.093,0.009,2.127,0.026,2.746,1.338,15,0,3.136,3.136,1.076
2026-08-03 16:00:00,0.525,0.098,0.026,2.153,0.035,2.837,1.4,16,0,2.992,3.359,1.135
2026-08-03 16:15:00,0.486,0.114,0.006,1.948,0.02,2.573,1.18,16,0,3.566,3.0,0.783
2026-08-03 16:30:00,0.509,0.094,0.042,1.817,0.046,2.508,1.08,16,0,2.761,3.139,0.802
2026-08-03 16:45:00,0.515,0.092,0.0,1.599,0.003,2.21,0.863,16,0,2.746,3.136,0.945
2026-08-03 17:00:00,0.481,0.095,0.071,1.368,0.027,2.043,0.747,17,0,2.837,2.992,1.109
2026-08-03 17:15:00,0.499,0.09,0.065,1.369,0.032,2.055,0.438,17,0,2.573,3.566,0.863
2026-08-03 17:30:00,0.435,0.101,0.147,1.386,0.029,2.099,0.405,17,0,2.508,2.761,0.764
2026-08-03 17:45:00,0.48,0.116,0.167,0.992,0.018,1.773,0.274,17,0,2.21,2.746,1.076
2026-08-03 18:00:00,0.495,0.103,0.191,0.922,0.017,1.729,0.122,18,0,2.043,2.837,1.003
2026-08-03 18:15:00,0.475,0.097,0.242,0.929,0.024,1.769,0.201,18,0,2.055,2.573,0.848
2026-08-03 18:30:00,0.533,0.097,0.221,0.713,0.028,1.592,0.024,18,0,2.099,2.508,0.922
2026-08-03 18:45:00,0.471,0.084,0.3,0.635,0.026,1.516,0.027,18,0,1.773,2.21,0.908
2026-08-03 19:00:00,0.491,0.109,0.302,0.581,0.03,1.514,0.0,19,0,1.729,2.043,1.048
2026-08-03 19:15:00,0.503,0.099,0.291,0.404,0.01,1.307,0.0,19,0,1.769,2.055,0.976
2026-08-03 19:30:00,0.529,0.098,0.323,0.368,0.018,1.336,0.0,19,0,1.592,2.099,1.034
2026-08-03 19:45:00,0.471,0.132,0.274,0.469,0.011,1.356,0.105,19,0,1.516,1.773,0.98
2026-08-03 20:00:00,0.523,0.153,0.267,0.208,0.016,1.167,0.0,20,0,1.514,1.729,0.984
2026-08-03 20:15:00,0.5,0.142,0.253,0.126,0.03,1.051,0.08,20,0,1.307,1.769,0.973
2026-08-03 20:30:00,0.48,0.146,0.23,0.176,0.021,1.053,0.0,20,0,1.336,1.592,0.903
2026-08-03 20:45:00,0.509,0.161,0.191,0.272,0.046,1.18,0.0,20,0,1.356,1.516,0.915
2026-08-03 21:00:00,0.504,0.151,0.206,0.145,0.022,1.028,0.025,21,0,1.167,1.514,0.982
2026-08-03 21:15:00,0.488,0.136,0.147,0.088,0.021,0.879,0.0,21,0,1.051,1.307,0.838
2026-08-03 21:30:00,0.501,0.159,0.13,0.114,0.021,0.926,0.0,21,0,1.053,1.336,0.809
2026-08-03 21:45:00,0.492,0.143,0.086,0.0,0.014,0.735,0.0,21,0,1.18,1.356,0.869
2026-08-03 22:00:00,0.502,0.169,0.038,0.121,0.019,0.85,0.0,22,0,1.028,1.167,0.909
2026-08-03 22:15:00,0.513,0.161,0.061,0.095,0.031,0.862,0.0,22,0,0.879,1.051,0.716
2026-08-03 22:30:00,0.532,0.146,0.002,0.004,0.021,0.705,0.0,22,0,0.926,1.053,0.769
2026-08-03 22:45:00,0.475,0.163,0.027,0.136,0.012,0.814,0.042,22,0,0.735,1.18,0.676
2026-08-03 23:00:00,0.543,0.151,0.0,0.0,0.011,0.704,0.066,23,0,0.85,1.028,0.668
2026-08-03 23:15:00,0.461,0.159,0.053,0.134,0.015,0.822,0.023,23,0,0.862,0.879,0.713
2026-08-03 23:30:00,0.497,0.155,0.027,0.032,0.021,0.731,0.1,23,0,0.705,0.926,0.678
2026-08-03 23:45:00,0.512,0.142,0.008,0.0,0.032,0.693,0.058,23,0,0.814,0.735,0.802
2026-08-04 00:00:00,0.506,0.144,0.025,0.0,0.007,0.681,0.0,0,1,0.704,0.85,0.688
2026-08-04 00:15:00,0.488,0.16,0.0,0.0,0.017,0.665,0.0,0,1,0.822,0.862,0.681
2026-08-04 00:30:00,0.496,0.147,0.011,0.122,0.021,0.797,0.031,0,1,0.731,0.705,0.842
2026-08-04 00:45:00,0.49,0.146,0.004,0.0,0.002,0.642,0.057,0,1,0.693,0.814,0.71
2026-08-04 01:00:00,0.488,0.14,0.005,0.0,0.012,0.646,0.14,1,1,0.681,0.704,0.672
2026-08-04 01:15:00,0.517,0.154,0.025,0.104,0.013,0.814,0.119,1,1,0.665,0.822,0.689
2026-08-04 01:30:00,0.507,0.171,0.015,0.0,0.012,0.704,0.0,1,1,0.797,0.731,0.704
2026-08-04 01:45:00,0.486,0.139,0.006,0.091,0.022,0.744,0.0,1,1,0.642,0.693,0.806
2026-08-04 02:00:00,0.518,0.15,0.0,0.171,0.018,0.857,0.067,2,1,0.646,0.681,0.664
2026-08-04 02:15:00,0.506,0.164,0.0,0.0,0.014,0.685,0.107,2,1,0.814,0.665,0.736
2026-08-04 02:30:00,0.516,0.149,0.0,0.07,0.024,0.759,0.094,2,1,0.704,0.797,0.688
2026-08-04 02:45:00,0.513,0.155,0.002,0.0,0.037,0.706,0.0,2,1,0.744,0.642,0.681
2026-08-04 03:00:00,0.483,0.139,0.0,0.078,0.036,0.738,0.0,3,1,0.857,0.646,0.81
2026-08-04 03:15:00,0.489,0.154,0.05,0.024,0.001,0.718,0.0,3,1,0.685,0.814,0.673
2026-08-04 03:30:00,0.515,0.148,0.034,0.053,0.026,0.775,0.027,3,1,0.759,0.704,0.857
2026-08-04 03:45:00,0.512,0.16,0.019,0.0,0.018,0.709,0.034,3,1,0.706,0.744,0.77
2026-08-04 04:00:00,0.5,0.162,0.015,0.0,0.022,0.698,0.0,4,1,0.738,0.857,0.664
2026-08-04 04:15:00,0.502,0.176,0.02,0.063,0.016,0.777,0.004,4,1,0.718,0.685,0.911
2026-08-04 04:30:00,0.526,0.156,0.022,0.0,0.021,0.724,0.063,4,1,0.775,0.759,0.711
2026-08-04 04:45:00,0.488,0.153,0.066,0.0,0.022,0.729,0.0,4,1,0.709,0.706,0.846
2026-08-04 05:00:00,0.511,0.152,0.103,0.122,0.014,0.902,0.11,5,1,0.698,0.738,0.823
2026-08-04 05:15:00,0.496,0.146,0.113,0.055,0.011,0.821,0.0,5,1,0.777,0.718,0.818
2026-08-04 05:30:00,0.496,0.153,0.189,0.24,0.016,1.093,0.126,5,1,0.724,0.775,0.912
2026-08-04 05:45:00,0.522,0.147,0.223,0.159,0.022,1.074,0.0,5,1,0.729,0.709,1.192
2026-08-04 06:00:00,0.517,0.102,0.227,0.006,0.026,0.877,0.0,6,1,0.902,0.698,0.976
2026-08-04 06:15:00,0.516,0.113,0.274,0.092,0.029,1.023,0.183,6,1,0.821,0.777,0.982
2026-08-04 06:30:00,0.526,0.09,0.292,0.105,0.015,1.028,0.448,6,1,1.093,0.724,1.082
2026-08-04 06:45:00,0.5,0.111,0.329,0.0,0.023,0.963,0.645,6,1,1.074,0.729,1.038
2026-08-04 07:00:00,0.514,0.113,0.276,0.07,0.03,1.003,0.885,7,1,0.877,0.902,1.118
2026-08-04 07:15:00,0.494,0.099,0.2,0.143,0.032,0.967,1.16,7,1,1.023,0.821,0.923
2026-08-04 07:30:00,0.506,0.079,0.192,0.035,0.019,0.832,1.324,7,1,1.028,1.093,1.084
2026-08-04 07:45:00,0.497,0.094,0.106,0.29,0.018,1.006,1.543,7,1,0.963,1.074,1.129
2026-08-04 08:00:00,0.502,0.113,0.119,0.313,0.022,1.069,1.581,8,1,1.003,0.877,0.928
2026-08-04 08:15:00,0.512,0.1,0.055,0.231,0.691,1.59,1.986,8,1,0.967,1.023,1.257
2026-08-04 08:30:00,0.484,0.09,0.039,0.506,0.018,1.137,2.124,8,1,0.832,1.028,1.141
2026-08-04 08:45:00,0.542,0.095,0.05,0.612,0.027,1.327,2.471,8,1,1.006,0.963,1.427
2026-08-04 09:00:00,0.48,0.108,0.0,0.646,0.026,1.261,2.383,9,1,1.069,1.003,1.369
2026-08-04 09:15:00,0.476,0.105,0.0,0.681,0.017,1.28,2.453,9,1,1.59,0.967,1.331
2026-08-04 09:30:00,0.523,0.098,0.0,0.871,0.022,1.514,2.841,9,1,1.137,0.832,1.505
2026-08-04 09:45:00,0.516,0.096,0.022,0.985,0.012,1.631,2.948,9,1,1.327,1.006,1.545
2026-08-04 10:00:00,0.512,0.096,0.0,1.059,0.027,1.694,2.933,10,1,1.261,1.069,1.634
2026-08-04 10:15:00,0.513,0.091,0.0,1.062,0.019,1.685,2.989,10,1,1.28,1.59,1.826
2026-08-04 10:30:00,0.5,0.116,0.0,1.293,0.017,1.927,3.391,10,1,1.514,1.137,1.944
2026-08-04 10:45:00,0.482,0.097,0.011,1.51,0.805,2.905,3.459,10,1,1.631,1.327,2.6
2026-08-04 11:00:00,0.502,0.112,0.024,1.457,0.019,2.114,3.135,11,1,1.694,1.261,1.991
2026-08-04 11:15:00,0.486,0.115,0.0,1.852,0.016,2.469,3.39,11,1,1.685,1.28,2.367
2026-08-04 11:30:00,0.52,0.11,0.0,1.714,0.027,2.37,3.64,11,1,1.927,1.514,2.364
2026-08-04 11:45:00,0.497,0.096,0.023,1.89,0.016,2.522,3.449,11,1,2.905,1.631,2.48
2026-08-04 12:00:00,0.483,0.104,0.0,1.935,0.036,2.558,3.455,12,1,2.114,1.694,2.513
2026-08-04 12:15:00,0.494,0.1,0.0,2.131,0.035,2.759,3.468,12,1,2.469,1.685,2.659
2026-08-04 12:30:00,0.508,0.091,0.004,2.032,0.011,2.646,3.362,12,1,2.37,1.927,2.654
2026-08-04 12:45:00,0.489,0.103,0.009,2.238,0.021,2.859,3.266,12,1,2.522,2.905,2.919
2026-08-04 13:00:00,0.484,0.088,0.0,2.256,0.013,2.841,3.489,13,1,2.558,2.114,3.456
2026-08-04 13:15:00,0.505,0.112,0.001,2.437,0.017,3.071,3.133,13,1,2.759,2.469,2.953
2026-08-04 13:30:00,0.505,0.095,0.0,2.565,0.04,3.205,3.262,13,1,2.646,2.37,3.601
2026-08-04 13:45:00,0.49,0.102,0.0,2.556,0.017,3.165,3.231,13,1,2.859,2.522,3.136
2026-08-04 14:00:00,0.491,0.103,0.009,2.263,0.024,2.889,2.889,14,1,2.841,2.558,3.359
2026-08-04 14:15:00,0.505,0.097,0.0,2.696,0.469,3.767,2.821,14,1,3.071,2.759,3.0
2026-08-04 14:30:00,0.471,0.106,0.002,2.495,0.01,3.084,2.901,14,1,3.205,2.646,3.139
2026-08-04 14:45:00,0.472,0.095,0.011,2.345,0.011,2.935,2.687,14,1,3.165,2.859,3.136
2026-08-04 15:00:00,0.486,0.109,0.0,2.381,0.008,2.983,2.416,15,1,2.889,2.841,2.992
2026-08-04 15:15:00,0.496,0.087,0.009,2.31,0.011,2.912,2.43,15,1,3.767,3.071,3.566
2026-08-04 15:30:00,0.506,0.101,0.0,2.14,0.0,2.747,2.254,15,1,3.084,3.205,2.761
2026-08-04 15:45:00,0.53,0.119,0.009,2.129,0.025,2.812,1.973,15,1,2.935,3.165,2.746
2026-08-04 16:00:00,0.517,0.09,0.032,1.941,0.041,2.621,1.662,16,1,2.983,2.889,2.837
2026-08-04 16:15:00,0.497,0.093,0.032,1.847,0.021,2.49,1.508,16,1,2.912,3.767,2.573
2026-08-04 16:30:00,0.5,0.105,0.029,1.698,0.534,2.866,1.369,16,1,2.747,3.084,2.508
2026-08-04 16:45:00,0.48,0.102,0.06,1.499,0.014,2.155,1.107,16,1,2.812,2.935,2.21
2026-08-04 17:00:00,0.5,0.104,0.089,1.531,0.015,2.239,1.001,17,1,2.621,2.983,2.043
2026-08-04 17:15:00,0.494,0.105,0.056,1.449,0.01,2.114,0.531,17,1,2.49,2.912,2.055
2026-08-04 17:30:00,0.506,0.106,0.147,1.317,0.029,2.105,0.308,17,1,2.866,2.747,2.099
2026-08-04 17:45:00,0.483,0.111,0.145,1.227,0.028,1.994,0.247,17,1,2.155,2.812,1.773
2026-08-04 18:00:00,0.51,0.104,0.19,1.06,0.008,1.874,0.0,18,1,2.239,2.621,1.729
2026-08-04 18:15:00,0.531,0.098,0.236,0.863,0.027,1.755,0.0,18,1,2.114,2.49,1.769
2026-08-04 18:30:00,0.498,0.107,0.213,0.896,0.035,1.748,0.0,18,1,2.105,2.866,1.592
2026-08-04 18:45:00,0.508,0.119,0.251,0.578,0.039,1.495,0.002,18,1,1.994,2.155,1.516
2026-08-04 19:00:00,0.514,0.099,0.278,0.533,0.049,1.472,0.0,19,1,1.874,2.239,1.514
2026-08-04 19:15:00,0.492,0.09,0.28,0.444,0.011,1.318,0.065,19,1,1.755,2.114,1.307
2026-08-04 19:30:00,0.504,0.111,0.335,0.574,0.048,1.572,0.007,19,1,1.748,2.105,1.336
2026-08-04 19:45:00,0.5,0.099,0.279,0.493,0.016,1.387,0.0,19,1,1.495,1.994,1.356
2026-08-04 20:00:00,0.502,0.128,0.273,0.387,0.014,1.304,0.118,20,1,1.472,1.874,1.167
2026-08-04 20:15:00,0.485,0.158,0.269,0.393,0.023,1.328,0.0,20,1,1.318,1.755,1.051
2026-08-04 20:30:00,0.5,0.145,0.216,0.151,0.014,1.027,0.054,20,1,1.572,1.748,1.053
2026-08-04 20:45:00,0.51,0.149,0.204,0.234,0.024,1.121,0.0,20,1,1.387,1.495,1.18
2026-08-04 21:00:00,0.529,0.153,0.188,0.152,0.007,1.029,0.0,21,1,1.304,1.472,1.028
2026-08-04 21:15:00,0.519,0.152,0.145,0.22,0.018,1.053,0.0,21,1,1.328,1.318,0.879
2026-08-04 21:30:00,0.543,0.157,0.121,0.098,0.033,0.953,0.078,21,1,1.027,1.572,0.926
2026-08-04 21:45:00,0.485,0.146,0.087,0.05,0.019,0.787,0.0,21,1,1.121,1.387,0.735
2026-08-04 22:00:00,0.517,0.155,0.045,0.126,0.021,0.864,0.0,22,1,1.029,1.304,0.85
2026-08-04 22:15:00,0.504,0.147,0.062,0.145,0.025,0.883,0.0,22,1,1.053,1.328,0.862
2026-08-04 22:30:00,0.544,0.157,0.076,0.0,0.032,0.809,0.0,22,1,0.953,1.027,0.705
2026-08-04 22:45:00,0.484,0.156,0.029,0.029,0.003,0.702,0.0,22,1,0.787,1.121,0.814
2026-08-04 23:00:00,0.483,0.141,0.024,0.0,0.026,0.674,0.038,23,1,0.864,1.029,0.704
2026-08-04 23:15:00,0.488,0.161,0.027,0.0,0.017,0.693,0.0,23,1,0.883,1.053,0.822
2026-08-04 23:30:00,0.458,0.145,0.0,0.037,0.022,0.66,0.133,23,1,0.809,0.953,0.731
2026-08-04 23:45:00,0.489,0.158,0.039,0.074,0.031,0.791,0.0,23,1,0.702,0.787,0.693
2026-08-05 00:00:00,0.485,0.154,0.004,0.026,0.008,0.677,0.0,0,2,0.674,0.864,0.681
2026-08-05 00:15:00,0.503,0.168,0.033,0.0,0.01,0.714,0.168,0,2,0.693,0.883,0.665
2026-08-05 00:30:00,0.507,0.148,0.0,0.0,0.001,0.655,0.0,0,2,0.66,0.809,0.797
2026-08-05 00:45:00,0.538,0.147,0.036,0.0,0.015,0.735,0.0,0,2,0.791,0.702,0.642
2026-08-05 01:00:00,0.519,0.15,0.016,0.137,0.033,0.855,0.022,1,2,0.677,0.674,0.646
2026-08-05 01:15:00,0.488,0.147,0.011,0.0,0.019,0.665,0.0,1,2,0.714,0.693,0.814
2026-08-05 01:30:00,0.482,0.158,0.005,0.126,0.007,0.777,0.0,1,2,0.655,0.66,0.704
2026-08-05 01:45:00,0.51,0.134,0.0,0.095,0.015,0.754,0.0,1,2,0.735,0.791,0.744
2026-08-05 02:00:00,0.474,0.139,0.024,0.0,0.005,0.642,0.277,2,2,0.855,0.677,0.857
2026-08-05 02:15:00,0.537,0.139,0.003,0.0,0.009,0.688,0.0,2,2,0.665,0.714,0.685
2026-08-05 02:30:00,0.524,0.16,0.0,0.037,0.024,0.744,0.0,2,2,0.777,0.655,0.759
2026-08-05 02:45:00,0.491,0.167,0.0,0.0,0.008,0.666,0.149,2,2,0.754,0.735,0.706
2026-08-05 03:00:00,0.466,0.149,0.0,0.013,0.031,0.659,0.061,3,2,0.642,0.855,0.738
2026-08-05 03:15:00,0.527,0.148,0.008,0.0,0.019,0.702,0.0,3,2,0.688,0.665,0.718
2026-08-05 03:30:00,0.498,0.151,0.002,0.0,0.021,0.671,0.0,3,2,0.744,0.777,0.775
2026-08-05 03:45:00,0.525,0.162,0.031,0.0,0.017,0.735,0.067,3,2,0.666,0.754,0.709
2026-08-05 04:00:00,0.468,0.141,0.0,0.032,0.028,0.669,0.0,4,2,0.659,0.642,0.698
2026-08-05 04:15:00,0.488,0.152,0.027,0.0,0.028,0.695,0.0,4,2,0.702,0.688,0.777
2026-08-05 04:30:00,0.5,0.16,0.004,0.0,0.023,0.687,0.179,4,2,0.671,0.744,0.724
2026-08-05 04:45:00,0.501,0.155,0.08,0.091,0.026,0.853,0.0,4,2,0.735,0.666,0.729
2026-08-05 05:00:00,0.491,0.152,0.096,0.145,0.018,0.901,0.15,5,2,0.669,0.659,0.902
2026-08-05 05:15:00,0.512,0.16,0.146,0.008,0.025,0.852,0.128,5,2,0.695,0.702,0.821
2026-08-05 05:30:00,0.479,0.123,0.165,0.011,0.017,0.794,0.0,5,2,0.687,0.671,1.093
2026-08-05 05:45:00,0.497,0.157,0.252,0.107,0.02,1.033,0.103,5,2,0.853,0.735,1.074
2026-08-05 06:00:00,0.502,0.093,0.286,0.0,0.017,0.899,0.0,6,2,0.901,0.669,0.877
2026-08-05 06:15:00,0.51,0.082,0.302,0.111,0.015,1.021,0.102,6,2,0.852,0.695,1.023
2026-08-05 06:30:00,0.514,0.105,0.297,0.165,0.013,1.095,0.533,6,2,0.794,0.687,1.028
2026-08-05 06:45:00,0.478,0.114,0.302,0.203,0.025,1.121,0.901,6,2,1.033,0.853,0.963
2026-08-05 07:00:00,0.469,0.099,0.251,0.0,0.033,0.852,1.096,7,2,0.899,0.901,1.003
2026-08-05 07:15:00,0.526,0.11,0.244,0.123,0.032,1.033,1.388,7,2,1.021,0.852,0.967
2026-08-05 07:30:00,0.507,0.116,0.215,0.151,0.007,0.996,1.803,7,2,1.095,0.794,0.832
2026-08-05 07:45:00,0.485,0.113,0.159,0.295,0.033,1.085,1.962,7,2,1.121,1.033,1.006
2026-08-05 08:00:00,0.531,0.116,0.083,0.386,0.017,1.133,2.122,8,2,0.852,0.899,1.069
2026-08-05 08:15:00,0.502,0.107,0.072,0.548,0.026,1.256,2.521,8,2,1.033,1.021,1.59
2026-08-05 08:30:00,0.524,0.101,0.015,0.416,0.011,1.066,2.706,8,2,0.996,1.095,1.137
2026-08-05 08:45:00,0.501,0.084,0.035,0.491,0.021,1.133,2.657,8,2,1.085,1.121,1.327
2026-08-05 09:00:00,0.541,0.098,0.022,0.738,0.023,1.422,3.163,9,2,1.133,0.852,1.261
2026-08-05 09:15:00,0.535,0.092,0.0,0.743,0.005,1.375,3.356,9,2,1.256,1.033,1.28
2026-08-05 09:30:00,0.495,0.122,0.0,0.938,0.763,2.318,3.502,9,2,1.066,0.996,1.514
2026-08-05 09:45:00,0.519,0.098,0.0,0.945,0.033,1.597,3.758,9,2,1.133,1.085,1.631
2026-08-05 10:00:00,0.513,0.101,0.0,0.912,0.018,1.544,3.754,10,2,1.422,1.133,1.694
2026-08-05 10:15:00,0.527,0.106,0.0,1.011,0.669,2.313,3.991,10,2,1.375,1.256,1.685
2026-08-05 10:30:00,0.481,0.1,0.008,1.111,0.018,1.718,3.92,10,2,2.318,1.066,1.927
2026-08-05 10:45:00,0.514,0.117,0.005,1.456,0.028,2.121,4.219,10,2,1.597,1.133,2.905
2026-08-05 11:00:00,0.521,0.094,0.0,1.635,0.0,2.25,4.457,11,2,1.544,1.422,2.114
2026-08-05 11:15:00,0.465,0.102,0.0,1.827,0.044,2.438,4.228,11,2,2.313,1.375,2.469
2026-08-05 11:30:00,0.476,0.093,0.021,1.851,0.035,2.476,4.298,11,2,1.718,2.318,2.37
2026-08-05 11:45:00,0.459,0.087,0.033,2.003,0.017,2.6,4.332,11,2,2.121,1.597,2.522
2026-08-05 12:00:00,0.495,0.094,0.0,1.944,0.0,2.533,4.425,12,2,2.25,1.544,2.558
2026-08-05 12:15:00,0.514,0.1,0.0,1.993,0.023,2.63,4.296,12,2,2.438,2.313,2.759
2026-08-05 12:30:00,0.53,0.096,0.01,2.291,0.006,2.932,4.416,12,2,2.476,1.718,2.646
2026-08-05 12:45:00,0.501,0.093,0.0,2.334,0.024,2.953,4.412,12,2,2.6,2.121,2.859
2026-08-05 13:00:00,0.533,0.086,0.0,2.376,0.533,3.527,4.315,13,2,2.533,2.25,2.841
2026-08-05 13:15:00,0.472,0.099,0.015,2.462,0.668,3.716,4.001,13,2,2.63,2.438,3.071
2026-08-05 13:30:00,0.466,0.085,0.0,2.498,0.031,3.08,4.176,13,2,2.932,2.476,3.205
2026-08-05 13:45:00,0.499,0.108,0.027,2.62,0.028,3.281,4.051,13,2,2.953,2.6,3.165
2026-08-05 14:00:00,0.508,0.101,0.002,2.629,0.03,3.27,3.904,14,2,3.527,2.533,2.889
2026-08-05 14:15:00,0.499,0.085,0.0,2.546,0.02,3.151,3.706,14,2,3.716,2.63,3.767
2026-08-05 14:30:00,0.459,0.097,0.0,2.55,0.006,3.112,3.522,14,2,3.08,2.932,3.084
2026-08-05 14:45:00,0.498,0.092,0.001,2.474,0.455,3.521,3.42,14,2,3.281,2.953,2.935
2026-08-05 15:00:00,0.474,0.103,0.0,2.319,0.017,2.913,3.312,15,2,3.27,3.527,2.983
2026-08-05 15:15:00,0.513,0.113,0.035,2.368,0.745,3.775,2.814,15,2,3.151,3.716,2.912
2026-08-05 15:30:00,0.507,0.081,0.009,2.067,0.034,2.698,2.794,15,2,3.112,3.08,2.747
2026-08-05 15:45:00,0.481,0.101,0.022,2.214,0.041,2.86,2.443,15,2,3.521,3.281,2.812
2026-08-05 16:00:00,0.49,0.098,0.039,1.882,0.02,2.529,2.193,16,2,2.913,3.27,2.621
2026-08-05 16:15:00,0.479,0.107,0.008,1.916,0.042,2.551,1.798,16,2,3.775,3.151,2.49
2026-08-05 16:30:00,0.499,0.102,0.05,1.682,0.021,2.354,1.66,16,2,2.698,3.112,2.866
2026-08-05 16:45:00,0.519,0.092,0.051,1.698,0.016,2.376,1.319,16,2,2.86,3.521,2.155
2026-08-05 17:00:00,0.48,0.097,0.092,1.513,0.014,2.195,1.096,17,2,2.529,2.913,2.239
2026-08-05 17:15:00,0.51,0.092,0.055,1.231,0.385,2.273,0.751,17,2,2.551,3.775,2.114
2026-08-05 17:30:00,0.489,0.111,0.121,1.308,0.012,2.042,0.531,17,2,2.354,2.698,2.105
2026-08-05 17:45:00,0.484,0.1,0.14,1.087,0.027,1.838,0.248,17,2,2.376,2.86,1.994
2026-08-05 18:00:00,0.498,0.119,0.191,1.116,0.014,1.938,0.01,18,2,2.195,2.529,1.874
2026-08-05 18:15:00,0.479,0.099,0.221,0.917,0.015,1.732,0.0,18,2,2.273,2.551,1.755
2026-08-05 18:30:00,0.489,0.093,0.226,0.851,0.03,1.689,0.0,18,2,2.042,2.354,1.748
2026-08-05 18:45:00,0.476,0.085,0.251,0.618,0.016,1.446,0.036,18,2,1.838,2.376,1.495
2026-08-05 19:00:00,0.539,0.082,0.282,0.564,0.016,1.483,0.0,19,2,1.938,2.195,1.472
2026-08-05 19:15:00,0.501,0.084,0.278,0.495,0.031,1.389,0.107,19,2,1.732,2.273,1.318
2026-08-05 19:30:00,0.486,0.103,0.317,0.551,0.036,1.493,0.023,19,2,1.689,2.042,1.572
2026-08-05 19:45:00,0.504,0.105,0.288,0.566,0.026,1.49,0.061,19,2,1.446,1.838,1.387
2026-08-05 20:00:00,0.498,0.134,0.226,0.258,0.013,1.129,0.141,20,2,1.483,1.938,1.304
2026-08-05 20:15:00,0.496,0.159,0.257,0.393,0.015,1.32,0.0,20,2,1.389,1.732,1.328
2026-08-05 20:30:00,0.512,0.145,0.219,0.022,0.021,0.92,0.0,20,2,1.493,1.689,1.027
2026-08-05 20:45:00,0.515,0.151,0.179,0.079,0.023,0.949,0.087,20,2,1.49,1.446,1.121
2026-08-05 21:00:00,0.489,0.166,0.157,0.068,0.01,0.891,0.051,21,2,1.129,1.483,1.029
2026-08-05 21:15:00,0.488,0.159,0.154,0.0,0.027,0.829,0.0,21,2,1.32,1.389,1.053
2026-08-05 21:30:00,0.494,0.147,0.15,0.0,0.021,0.813,0.139,21,2,0.92,1.493,0.953
2026-08-05 21:45:00,0.454,0.141,0.104,0.13,0.003,0.832,0.0,21,2,0.949,1.49,0.787
2026-08-05 22:00:00,0.47,0.128,0.063,0.05,0.011,0.722,0.003,22,2,0.891,1.129,0.864
2026-08-05 22:15:00,0.527,0.143,0.065,0.095,0.015,0.845,0.002,22,2,0.829,1.32,0.883
2026-08-05 22:30:00,0.533,0.148,0.031,0.114,0.019,0.846,0.0,22,2,0.813,0.92,0.809
2026-08-05 22:45:00,0.495,0.14,0.015,0.062,0.039,0.751,0.008,22,2,0.832,0.949,0.702
2026-08-05 23:00:00,0.512,0.149,0.0,0.094,0.022,0.776,0.14,23,2,0.722,0.891,0.674
2026-08-05 23:15:00,0.506,0.151,0.0,0.015,0.012,0.683,0.044,23,2,0.845,0.829,0.693
2026-08-05 23:30:00,0.562,0.148,0.001,0.0,0.022,0.732,0.003,23,2,0.846,0.813,0.66
2026-08-05 23:45:00,0.522,0.143,0.009,0.118,0.016,0.809,0.0,23,2,0.751,0.832,0.791
2026-08-06 00:00:00,0.497,0.152,0.0,0.0,0.023,0.672,0.033,0,3,0.776,0.722,0.677
2026-08-06 00:15:00,0.481,0.154,0.0,0.0,0.026,0.661,0.075,0,3,0.683,0.845,0.714
2026-08-06 00:30:00,0.468,0.139,0.0,0.0,0.032,0.639,0.061,0,3,0.732,0.846,0.655
2026-08-06 00:45:00,0.504,0.164,0.012,0.0,0.02,0.7,0.0,0,3,0.809,0.751,0.735
2026-08-06 01:00:00,0.485,0.149,0.0,0.0,0.036,0.67,0.032,1,3,0.672,0.776,0.855
2026-08-06 01:15:00,0.472,0.15,0.016,0.035,0.029,0.701,0.048,1,3,0.661,0.683,0.665
2026-08-06 01:30:00,0.487,0.157,0.0,0.035,0.013,0.692,0.0,1,3,0.639,0.732,0.777
2026-08-06 01:45:00,0.478,0.152,0.0,0.0,0.042,0.673,0.017,1,3,0.7,0.809,0.754
2026-08-06 02:00:00,0.534,0.16,0.0,0.0,0.023,0.717,0.0,2,3,0.67,0.672,0.642
2026-08-06 02:15:00,0.518,0.153,0.0,0.109,0.012,0.791,0.048,2,3,0.701,0.661,0.688
2026-08-06 02:30:00,0.5,0.144,0.02,0.051,0.037,0.751,0.066,2,3,0.692,0.639,0.744
2026-08-06 02:45:00,0.53,0.154,0.011,0.21,0.041,0.944,0.075,2,3,0.673,0.7,0.666
2026-08-06 03:00:00,0.502,0.139,0.02,0.121,0.02,0.801,0.0,3,3,0.717,0.67,0.659
2026-08-06 03:15:00,0.483,0.151,0.012,0.119,0.015,0.779,0.031,3,3,0.791,0.701,0.702
2026-08-06 03:30:00,0.53,0.15,0.0,0.0,0.018,0.698,0.142,3,3,0.751,0.692,0.671
2026-08-06 03:45:00,0.511,0.148,0.0,0.084,0.027,0.77,0.141,3,3,0.944,0.673,0.735
2026-08-06 04:00:00,0.479,0.149,0.0,0.004,0.033,0.665,0.0,4,3,0.801,0.717,0.669
2026-08-06 04:15:00,0.496,0.131,0.05,0.0,0.026,0.704,0.014,4,3,0.779,0.791,0.695
2026-08-06 04:30:00,0.482,0.145,0.017,0.033,0.021,0.698,0.111,4,3,0.698,0.751,0.687
2026-08-06 04:45:00,0.472,0.151,0.083,0.116,0.035,0.857,0.0,4,3,0.77,0.944,0.853
2026-08-06 05:00:00,0.519,0.152,0.115,0.078,0.017,0.88,0.0,5,3,0.665,0.801,0.901
2026-08-06 05:15:00,0.538,0.14,0.174,0.0,0.03,0.882,0.134,5,3,0.704,0.779,0.852
2026-08-06 05:30:00,0.472,0.163,0.174,0.119,0.017,0.945,0.098,5,3,0.698,0.698,0.794
2026-08-06 05:45:00,0.511,0.141,0.241,0.0,0.024,0.918,0.037,5,3,0.857,0.77,1.033
2026-08-06 06:00:00,0.487,0.11,0.31,0.093,0.019,1.019,0.0,6,3,0.88,0.665,0.899
2026-08-06 06:15:00,0.49,0.104,0.278,0.059,0.019,0.951,0.308,6,3,0.882,0.704,1.021
2026-08-06 06:30:00,0.488,0.094,0.269,0.088,0.016,0.955,0.566,6,3,0.945,0.698,1.095
2026-08-06 06:45:00,0.483,0.118,0.253,0.211,0.033,1.099,0.967,6,3,0.918,0.857,1.121
2026-08-06 07:00:00,0.501,0.088,0.279,0.06,0.013,0.941,1.158,7,3,1.019,0.88,0.852
2026-08-06 07:15:00,0.483,0.109,0.189,0.393,0.013,1.187,1.436,7,3,0.951,0.882,1.033
2026-08-06 07:30:00,0.505,0.11,0.175,0.057,0.041,0.888,1.626,7,3,0.955,0.945,0.996
2026-08-06 07:45:00,0.499,0.093,0.146,0.226,0.03,0.994,2.24,7,3,1.099,0.918,1.085
2026-08-06 08:00:00,0.495,0.114,0.101,0.375,0.0,1.086,2.354,8,3,0.941,1.019,1.133
2026-08-06 08:15:00,0.482,0.097,0.073,0.457,0.014,1.124,2.676,8,3,1.187,0.951,1.256
2026-08-06 08:30:00,0.488,0.103,0.045,0.456,0.002,1.094,2.914,8,3,0.888,0.955,1.066
2026-08-06 08:45:00,0.515,0.103,0.049,0.535,0.01,1.213,3.05,8,3,0.994,1.099,1.133
2026-08-06 09:00:00,0.51,0.099,0.0,0.664,0.293,1.566,3.26,9,3,1.086,0.941,1.422
2026-08-06 09:15:00,0.48,0.108,0.0,0.691,0.019,1.298,3.499,9,3,1.124,1.187,1.375
2026-08-06 09:30:00,0.502,0.108,0.0,0.951,0.009,1.569,3.726,9,3,1.094,0.888,2.318
2026-08-06 09:45:00,0.515,0.083,0.018,1.0,0.021,1.637,4.018,9,3,1.213,0.994,1.597
2026-08-06 10:00:00,0.467,0.113,0.019,1.115,0.004,1.717,4.067,10,3,1.566,1.086,1.544
2026-08-06 10:15:00,0.511,0.083,0.009,1.048,0.021,1.672,4.469,10,3,1.298,1.124,2.313
2026-08-06 10:30:00,0.487,0.11,0.024,1.258,0.016,1.895,4.526,10,3,1.569,1.094,1.718
2026-08-06 10:45:00,0.511,0.111,0.0,1.36,0.035,2.018,4.615,10,3,1.637,1.213,2.121
2026-08-06 11:00:00,0.485,0.089,0.033,1.416,0.034,2.057,4.613,11,3,1.717,1.566,2.25
2026-08-06 11:15:00,0.464,0.096,0.03,1.678,0.028,2.297,4.847,11,3,1.672,1.298,2.438
2026-08-06 11:30:00,0.467,0.089,0.015,1.713,0.017,2.301,4.725,11,3,1.895,1.569,2.476
2026-08-06 11:45:00,0.501,0.098,0.036,1.953,0.04,2.627,4.775,11,3,2.018,1.637,2.6
2026-08-06 12:00:00,0.505,0.097,0.0,1.895,0.004,2.501,4.805,12,3,2.057,1.717,2.533
2026-08-06 12:15:00,0.482,0.108,0.0,2.281,0.006,2.876,4.848,12,3,2.297,1.672,2.63
2026-08-06 12:30:00,0.513,0.113,0.0,2.117,0.019,2.762,4.811,12,3,2.301,1.895,2.932
2026-08-06 12:45:00,0.467,0.114,0.014,2.314,0.645,3.555,4.648,12,3,2.627,2.018,2.953
2026-08-06 13:00:00,0.499,0.094,0.0,2.444,0.018,3.055,4.571,13,3,2.501,2.057,3.527
2026-08-06 13:15:00,0.476,0.098,0.015,2.366,0.018,2.973,4.598,13,3,2.876,2.297,3.716
2026-08-06 13:30:00,0.487,0.083,0.028,2.551,0.006,3.154,4.495,13,3,2.762,2.301,3.08
2026-08-06 13:45:00,0.501,0.092,0.014,2.368,0.029,3.005,4.255,13,3,3.555,2.627,3.281
2026-08-06 14:00:00,0.483,0.11,0.006,2.645,0.03,3.273,3.988,14,3,3.055,2.501,3.27
2026-08-06 14:15:00,0.492,0.116,0.0,2.493,0.028,3.129,3.96,14,3,2.973,2.876,3.151
2026-08-06 14:30:00,0.52,0.088,0.0,2.406,0.014,3.027,3.861,14,3,3.154,2.762,3.112
2026-08-06 14:45:00,0.488,0.094,0.027,2.393,0.013,3.016,3.78,14,3,3.005,3.555,3.521
2026-08-06 15:00:00,0.517,0.1,0.019,2.446,0.007,3.088,3.266,15,3,3.273,3.055,2.913
2026-08-06 15:15:00,0.477,0.103,0.005,2.234,0.021,2.839,3.114,15,3,3.129,2.973,3.775
2026-08-06 15:30:00,0.511,0.092,0.0,2.131,0.009,2.743,2.876,15,3,3.027,3.154,2.698
2026-08-06 15:45:00,0.529,0.104,0.0,2.087,0.008,2.728,2.796,15,3,3.016,3.005,2.86
2026-08-06 16:00:00,0.451,0.095,0.0,1.884,0.016,2.446,2.39,16,3,3.088,3.273,2.529
2026-08-06 16:15:00,0.484,0.1,0.067,2.069,0.015,2.735,2.027,16,3,2.839,3.129,2.551
2026-08-06 16:30:00,0.512,0.105,0.015,1.71,0.015,2.357,1.888,16,3,2.743,3.027,2.354
2026-08-06 16:45:00,0.496,0.1,0.06,1.726,0.025,2.406,1.499,16,3,2.728,3.016,2.376
2026-08-06 17:00:00,0.507,0.096,0.095,1.537,0.021,2.256,1.117,17,3,2.446,3.088,2.195
2026-08-06 17:15:00,0.488,0.099,0.072,1.292,0.017,1.968,0.845,17,3,2.735,2.839,2.273
2026-08-06 17:30:00,0.502,0.099,0.127,1.265,0.022,2.015,0.798,17,3,2.357,2.743,2.042
2026-08-06 17:45:00,0.497,0.096,0.171,1.223,0.01,1.997,0.352,17,3,2.406,2.728,1.838
2026-08-06 18:00:00,0.523,0.097,0.182,1.009,0.021,1.833,0.011,18,3,2.256,2.446,1.938
2026-08-06 18:15:00,0.505,0.116,0.269,1.036,0.022,1.948,0.0,18,3,1.968,2.735,1.732
2026-08-06 18:30:00,0.507,0.106,0.207,0.914,0.005,1.738,0.029,18,3,2.015,2.357,1.689
2026-08-06 18:45:00,0.492,0.097,0.286,0.806,0.03,1.71,0.028,18,3,1.997,2.406,1.446
2026-08-06 19:00:00,0.49,0.107,0.28,0.577,0.011,1.466,0.029,19,3,1.833,2.256,1.483
2026-08-06 19:15:00,0.491,0.097,0.311,0.433,0.021,1.353,0.011,19,3,1.948,1.968,1.389
2026-08-06 19:30:00,0.508,0.112,0.309,0.404,0.032,1.364,0.087,19,3,1.738,2.015,1.493
2026-08-06 19:45:00,0.492,0.104,0.281,0.418,0.029,1.324,0.002,19,3,1.71,1.997,1.49
2026-08-06 20:00:00,0.506,0.149,0.288,0.393,0.02,1.356,0.0,20,3,1.466,1.833,1.129
2026-08-06 20:15:00,0.542,0.154,0.228,0.068,0.016,1.008,0.0,20,3,1.353,1.948,1.32
2026-08-06 20:30:00,0.517,0.134,0.252,0.238,0.029,1.172,0.0,20,3,1.364,1.738,0.92
2026-08-06 20:45:00,0.493,0.139,0.218,0.215,0.027,1.092,0.203,20,3,1.324,1.71,0.949
2026-08-06 21:00:00,0.524,0.138,0.195,0.137,0.014,1.007,0.086,21,3,1.356,1.466,0.891
2026-08-06 21:15:00,0.492,0.151,0.173,0.264,0.012,1.092,0.0,21,3,1.008,1.353,0.829
2026-08-06 21:30:00,0.459,0.167,0.131,0.152,0.0,0.909,0.0,21,3,1.172,1.364,0.813
2026-08-06 21:45:00,0.48,0.172,0.1,0.22,0.022,0.994,0.0,21,3,1.092,1.324,0.832
2026-08-06 22:00:00,0.463,0.156,0.057,0.05,0.019,0.745,0.154,22,3,1.007,1.356,0.722
2026-08-06 22:15:00,0.493,0.155,0.042,0.151,0.031,0.872,0.0,22,3,1.092,1.008,0.845
2026-08-06 22:30:00,0.5,0.132,0.064,0.209,0.024,0.929,0.011,22,3,0.909,1.172,0.846
2026-08-06 22:45:00,0.534,0.145,0.057,0.167,0.033,0.936,0.0,22,3,0.994,1.092,0.751
2026-08-06 23:00:00,0.507,0.142,0.015,0.0,0.013,0.677,0.083,23,3,0.745,1.007,0.776
2026-08-06 23:15:00,0.496,0.144,0.014,0.0,0.031,0.685,0.0,23,3,0.872,1.092,0.683
2026-08-06 23:30:00,0.517,0.148,0.0,0.0,0.015,0.68,0.0,23,3,0.929,0.909,0.732
2026-08-06 23:45:00,0.456,0.145,0.029,0.062,0.028,0.719,0.0,23,3,0.936,0.994,0.809
2026-08-07 00:00:00,0.505,0.13,0.013,0.069,0.005,0.722,0.0,0,4,0.677,0.745,0.672
2026-08-07 00:15:00,0.515,0.157,0.039,0.0,0.022,0.734,0.008,0,4,0.685,0.872,0.661
2026-08-07 00:30:00,0.47,0.139,0.0,0.007,0.0,0.617,0.143,0,4,0.68,0.929,0.639
2026-08-07 00:45:00,0.523,0.152,0.0,0.0,0.017,0.693,0.0,0,4,0.719,0.936,0.7
2026-08-07 01:00:00,0.507,0.171,0.005,0.144,0.024,0.851,0.0,1,4,0.722,0.677,0.67
2026-08-07 01:15:00,0.492,0.141,0.013,0.0,0.015,0.66,0.0,1,4,0.734,0.685,0.701
2026-08-07 01:30:00,0.513,0.125,0.0,0.006,0.009,0.653,0.0,1,4,0.617,0.68,0.692
2026-08-07 01:45:00,0.545,0.147,0.0,0.0,0.028,0.721,0.074,1,4,0.693,0.719,0.673
2026-08-07 02:00:00,0.504,0.161,0.018,0.115,0.019,0.817,0.0,2,4,0.851,0.722,0.717
2026-08-07 02:15:00,0.505,0.17,0.014,0.0,0.015,0.704,0.042,2,4,0.66,0.734,0.791
2026-08-07 02:30:00,0.491,0.138,0.0,0.0,0.02,0.649,0.0,2,4,0.653,0.617,0.751
2026-08-07 02:45:00,0.483,0.155,0.027,0.0,0.046,0.712,0.023,2,4,0.721,0.693,0.944
2026-08-07 03:00:00,0.517,0.145,0.024,0.0,0.032,0.718,0.078,3,4,0.817,0.851,0.801
2026-08-07 03:15:00,0.483,0.149,0.004,0.177,0.032,0.844,0.0,3,4,0.704,0.66,0.779
2026-08-07 03:30:00,0.501,0.176,0.005,0.0,0.024,0.707,0.078,3,4,0.649,0.653,0.698
2026-08-07 03:45:00,0.49,0.135,0.018,0.084,0.022,0.749,0.005,3,4,0.712,0.721,0.77
2026-08-07 04:00:00,0.51,0.153,0.0,0.045,0.0,0.707,0.105,4,4,0.718,0.817,0.665
2026-08-07 04:15:00,0.507,0.155,0.024,0.139,0.013,0.838,0.0,4,4,0.844,0.704,0.704
2026-08-07 04:30:00,0.521,0.161,0.0,0.0,0.015,0.697,0.038,4,4,0.707,0.649,0.698
2026-08-07 04:45:00,0.49,0.151,0.082,0.0,0.001,0.724,0.0,4,4,0.749,0.712,0.857
2026-08-07 05:00:00,0.495,0.153,0.066,0.137,0.008,0.86,0.0,5,4,0.707,0.718,0.88
2026-08-07 05:15:00,0.48,0.146,0.167,0.078,0.0,0.872,0.026,5,4,0.838,0.844,0.882
2026-08-07 05:30:00,0.491,0.153,0.175,0.0,0.02,0.839,0.054,5,4,0.697,0.707,0.945
2026-08-07 05:45:00,0.508,0.147,0.222,0.003,0.028,0.908,0.0,5,4,0.724,0.749,0.918
2026-08-07 06:00:00,0.515,0.106,0.252,0.11,0.031,1.015,0.143,6,4,0.86,0.707,1.019
2026-08-07 06:15:00,0.482,0.096,0.285,0.173,0.024,1.06,0.045,6,4,0.872,0.838,0.951
2026-08-07 06:30:00,0.517,0.104,0.328,0.042,0.01,1.002,0.393,6,4,0.839,0.697,0.955
2026-08-07 06:45:00,0.527,0.1,0.241,0.0,0.001,0.869,0.68,6,4,0.908,0.724,1.099
2026-08-07 07:00:00,0.508,0.111,0.29,0.217,0.002,1.129,0.956,7,4,1.015,0.86,0.941
2026-08-07 07:15:00,0.538,0.099,0.233,0.077,0.007,0.954,1.294,7,4,1.06,0.872,1.187
2026-08-07 07:30:00,0.485,0.082,0.158,0.037,0.011,0.773,1.166,7,4,1.002,0.839,0.888
2026-08-07 07:45:00,0.475,0.113,0.116,0.002,0.018,0.724,1.512,7,4,0.869,0.908,0.994
2026-08-07 08:00:00,0.464,0.091,0.131,0.42,0.01,1.116,1.554,8,4,1.129,1.015,1.086
2026-08-07 08:15:00,0.53,0.093,0.046,0.411,0.023,1.104,1.966,8,4,0.954,1.06,1.124
2026-08-07 08:30:00,0.513,0.094,0.018,0.443,0.018,1.085,2.178,8,4,0.773,1.002,1.094
2026-08-07 08:45:00,0.499,0.114,0.047,0.68,0.02,1.359,2.489,8,4,0.724,0.869,1.213
2026-08-07 09:00:00,0.506,0.079,0.02,0.687,0.031,1.323,2.511,9,4,1.116,1.129,1.566
2026-08-07 09:15:00,0.477,0.131,0.0,0.875,0.008,1.492,2.761,9,4,1.104,0.954,1.298
2026-08-07 09:30:00,0.549,0.111,0.008,0.672,0.711,2.05,2.862,9,4,1.085,0.773,1.569
2026-08-07 09:45:00,0.503,0.102,0.0,0.913,0.02,1.538,2.895,9,4,1.359,0.724,1.637
2026-08-07 10:00:00,0.502,0.099,0.023,0.866,0.017,1.507,2.919,10,4,1.323,1.116,1.717
2026-08-07 10:15:00,0.515,0.103,0.021,1.122,0.029,1.789,3.197,10,4,1.492,1.104,1.672
2026-08-07 10:30:00,0.51,0.105,0.011,1.241,0.029,1.895,3.116,10,4,2.05,1.085,1.895
2026-08-07 10:45:00,0.504,0.106,0.007,1.453,0.64,2.711,3.476,10,4,1.538,1.359,2.018
2026-08-07 11:00:00,0.484,0.106,0.035,1.521,0.018,2.164,3.397,11,4,1.507,1.323,2.057
2026-08-07 11:15:00,0.509,0.101,0.0,1.705,0.559,2.874,3.585,11,4,1.789,1.492,2.297
2026-08-07 11:30:00,0.538,0.098,0.0,1.837,0.565,3.038,3.455,11,4,1.895,2.05,2.301
2026-08-07 11:45:00,0.527,0.098,0.009,2.103,0.026,2.763,3.553,11,4,2.711,1.538,2.627
2026-08-07 12:00:00,0.532,0.098,0.042,1.97,0.023,2.665,3.555,12,4,2.164,1.507,2.501
2026-08-07 12:15:00,0.49,0.111,0.0,2.015,0.038,2.654,3.522,12,4,2.874,1.789,2.876
2026-08-07 12:30:00,0.48,0.106,0.0,2.231,0.005,2.822,3.46,12,4,3.038,1.895,2.762
2026-08-07 12:45:00,0.497,0.071,0.008,2.212,0.019,2.807,3.505,12,4,2.763,2.711,3.555
2026-08-07 13:00:00,0.501,0.107,0.0,2.513,0.011,3.132,3.321,13,4,2.665,2.164,3.055
2026-08-07 13:15:00,0.522,0.102,0.0,2.395,0.684,3.703,3.225,13,4,2.654,2.874,2.973
2026-08-07 13:30:00,0.466,0.1,0.023,2.409,0.004,3.001,3.389,13,4,2.822,3.038,3.154
2026-08-07 13:45:00,0.531,0.096,0.047,2.444,0.023,3.141,3.242,13,4,2.807,2.763,3.005
2026-08-07 14:00:00,0.497,0.111,0.004,2.572,0.014,3.198,3.067,14,4,3.132,2.665,3.273
2026-08-07 14:15:00,0.491,0.109,0.0,2.476,0.013,3.089,3.105,14,4,3.703,2.654,3.129
2026-08-07 14:30:00,0.48,0.092,0.0,2.401,0.006,2.979,2.777,14,4,3.001,2.822,3.027
2026-08-07 14:45:00,0.467,0.104,0.007,2.59,0.015,3.183,2.789,14,4,3.141,2.807,3.016
2026-08-07 15:00:00,0.516,0.09,0.025,2.279,0.031,2.942,2.516,15,4,3.198,3.132,3.088
2026-08-07 15:15:00,0.501,0.086,0.015,2.296,0.02,2.918,2.227,15,4,3.089,3.703,2.839
2026-08-07 15:30:00,0.474,0.094,0.009,2.271,0.026,2.874,2.336,15,4,2.979,3.001,2.743
2026-08-07 15:45:00,0.474,0.109,0.001,1.946,0.037,2.567,2.062,15,4,3.183,3.141,2.728
2026-08-07 16:00:00,0.493,0.11,0.0,2.05,0.023,2.675,1.755,16,4,2.942,3.198,2.446
2026-08-07 16:15:00,0.533,0.105,0.045,1.782,0.014,2.48,1.636,16,4,2.918,3.089,2.735
2026-08-07 16:30:00,0.495,0.107,0.059,1.849,0.025,2.535,1.312,16,4,2.874,2.979,2.357
2026-08-07 16:45:00,0.47,0.105,0.025,1.546,0.015,2.161,1.219,16,4,2.567,3.183,2.406
2026-08-07 17:00:00,0.495,0.094,0.107,1.586,0.015,2.296,0.675,17,4,2.675,2.942,2.256
2026-08-07 17:15:00,0.495,0.104,0.109,1.501,0.005,2.213,0.587,17,4,2.48,2.918,1.968
2026-08-07 17:30:00,0.446,0.108,0.151,1.352,0.029,2.087,0.559,17,4,2.535,2.874,2.015
2026-08-07 17:45:00,0.499,0.108,0.125,1.17,0.016,1.917,0.206,17,4,2.161,2.567,1.997
2026-08-07 18:00:00,0.495,0.112,0.155,1.005,0.022,1.788,0.021,18,4,2.296,2.675,1.833
2026-08-07 18:15:00,0.514,0.107,0.209,0.859,0.01,1.699,0.0,18,4,2.213,2.48,1.948
2026-08-07 18:30:00,0.537,0.104,0.25,0.959,0.024,1.874,0.185,18,4,2.087,2.535,1.738
2026-08-07 18:45:00,0.523,0.111,0.301,0.644,0.012,1.59,0.119,18,4,1.917,2.161,1.71
2026-08-07 19:00:00,0.495,0.1,0.298,0.52,0.019,1.431,0.0,19,4,1.788,2.296,1.466
2026-08-07 19:15:00,0.478,0.091,0.291,0.607,0.029,1.496,0.0,19,4,1.699,2.213,1.353
2026-08-07 19:30:00,0.551,0.098,0.279,0.386,0.028,1.343,0.103,19,4,1.874,2.087,1.364
2026-08-07 19:45:00,0.501,0.093,0.32,0.303,0.02,1.237,0.198,19,4,1.59,1.917,1.324
2026-08-07 20:00:00,0.5,0.143,0.264,0.194,0.002,1.104,0.095,20,4,1.431,1.788,1.356
2026-08-07 20:15:00,0.5,0.149,0.297,0.237,0.05,1.232,0.217,20,4,1.496,1.699,1.008
2026-08-07 20:30:00,0.504,0.142,0.235,0.231,0.037,1.149,0.0,20,4,1.343,1.874,1.172
2026-08-07 20:45:00,0.497,0.147,0.244,0.223,0.027,1.138,0.0,20,4,1.237,1.59,1.092
2026-08-07 21:00:00,0.489,0.131,0.196,0.259,0.012,1.087,0.0,21,4,1.104,1.431,1.007
2026-08-07 21:15:00,0.489,0.152,0.149,0.188,0.019,0.997,0.044,21,4,1.232,1.496,1.092
2026-08-07 21:30:00,0.499,0.15,0.113,0.091,0.015,0.868,0.018,21,4,1.149,1.343,0.909
2026-08-07 21:45:00,0.489,0.142,0.091,0.069,0.033,0.823,0.0,21,4,1.138,1.237,0.994
2026-08-07 22:00:00,0.486,0.157,0.083,0.122,0.023,0.871,0.081,22,4,1.087,1.104,0.745
2026-08-07 22:15:00,0.502,0.159,0.057,0.184,0.012,0.915,0.123,22,4,0.997,1.232,0.872
2026-08-07 22:30:00,0.495,0.134,0.029,0.058,0.015,0.731,0.0,22,4,0.868,1.149,0.929
2026-08-07 22:45:00,0.53,0.142,0.025,0.0,0.031,0.729,0.0,22,4,0.823,1.138,0.936
2026-08-07 23:00:00,0.447,0.142,0.021,0.0,0.036,0.647,0.082,23,4,0.871,1.087,0.677
2026-08-07 23:15:00,0.522,0.141,0.0,0.0,0.035,0.698,0.0,23,4,0.915,0.997,0.685
2026-08-07 23:30:00,0.525,0.158,0.018,0.083,0.028,0.812,0.0,23,4,0.731,0.868,0.68
2026-08-07 23:45:00,0.459,0.148,0.0,0.071,0.017,0.695,0.102,23,4,0.729,0.823,0.719
2026-08-08 00:00:00,0.493,0.147,0.0,0.058,0.0,0.698,0.0,0,5,0.647,0.871,0.722
2026-08-08 00:15:00,0.493,0.13,0.0,0.0,0.023,0.646,0.0,0,5,0.698,0.915,0.734
2026-08-08 00:30:00,0.472,0.156,0.0,0.141,0.02,0.789,0.033,0,5,0.812,0.731,0.617
2026-08-08 00:45:00,0.484,0.138,0.0,0.0,0.021,0.643,0.0,0,5,0.695,0.729,0.693
2026-08-08 01:00:00,0.478,0.151,0.0,0.096,0.021,0.744,0.078,1,5,0.698,0.647,0.851
2026-08-08 01:15:00,0.535,0.153,0.039,0.0,0.007,0.734,0.0,1,5,0.646,0.698,0.66
2026-08-08 01:30:00,0.519,0.164,0.0,0.0,0.026,0.708,0.141,1,5,0.789,0.812,0.653
2026-08-08 01:45:00,0.525,0.137,0.004,0.059,0.026,0.752,0.0,1,5,0.643,0.695,0.721
2026-08-08 02:00:00,0.514,0.12,0.008,0.041,0.027,0.71,0.067,2,5,0.744,0.698,0.817
2026-08-08 02:15:00,0.477,0.152,0.003,0.036,0.029,0.697,0.075,2,5,0.734,0.646,0.704
2026-08-08 02:30:00,0.49,0.168,0.0,0.008,0.026,0.692,0.0,2,5,0.708,0.789,0.649
2026-08-08 02:45:00,0.51,0.162,0.0,0.0,0.016,0.688,0.0,2,5,0.752,0.643,0.712
2026-08-08 03:00:00,0.476,0.152,0.03,0.239,0.019,0.916,0.036,3,5,0.71,0.744,0.718
2026-08-08 03:15:00,0.514,0.145,0.038,0.119,0.021,0.837,0.007,3,5,0.697,0.734,0.844
2026-08-08 03:30:00,0.495,0.158,0.0,0.073,0.021,0.748,0.056,3,5,0.692,0.708,0.707
2026-08-08 03:45:00,0.493,0.14,0.0,0.013,0.03,0.675,0.0,3,5,0.688,0.752,0.749
2026-08-08 04:00:00,0.514,0.155,0.008,0.103,0.026,0.806,0.0,4,5,0.916,0.71,0.707
2026-08-08 04:15:00,0.509,0.155,0.005,0.054,0.041,0.764,0.201,4,5,0.837,0.697,0.838
2026-08-08 04:30:00,0.493,0.161,0.051,0.006,0.042,0.752,0.0,4,5,0.748,0.692,0.697
2026-08-08 04:45:00,0.523,0.178,0.05,0.0,0.021,0.772,0.073,4,5,0.675,0.688,0.724
2026-08-08 05:00:00,0.478,0.154,0.141,0.0,0.0,0.773,0.0,5,5,0.806,0.916,0.86
2026-08-08 05:15:00,0.512,0.145,0.161,0.0,0.032,0.851,0.0,5,5,0.764,0.837,0.872
2026-08-08 05:30:00,0.512,0.15,0.186,0.03,0.015,0.893,0.0,5,5,0.752,0.748,0.839
2026-08-08 05:45:00,0.494,0.132,0.247,0.0,0.012,0.885,0.0,5,5,0.772,0.675,0.908
2026-08-08 06:00:00,0.507,0.093,0.287,0.174,0.016,1.076,0.057,6,5,0.773,0.806,1.015
2026-08-08 06:15:00,0.475,0.096,0.279,0.02,0.016,0.886,0.372,6,5,0.851,0.764,1.06
2026-08-08 06:30:00,0.518,0.095,0.284,0.0,0.026,0.923,0.512,6,5,0.893,0.752,1.002
2026-08-08 06:45:00,0.496,0.102,0.292,0.022,0.004,0.917,0.705,6,5,0.885,0.772,0.869
2026-08-08 07:00:00,0.49,0.092,0.282,0.0,0.009,0.873,0.822,7,5,1.076,0.773,1.129
2026-08-08 07:15:00,0.521,0.111,0.229,0.087,0.023,0.972,1.196,7,5,0.886,0.851,0.954
2026-08-08 07:30:00,0.486,0.1,0.15,0.077,0.026,0.839,1.578,7,5,0.923,0.893,0.773
2026-08-08 07:45:00,0.472,0.1,0.121,0.153,0.026,0.872,1.536,7,5,0.917,0.885,0.724
2026-08-08 08:00:00,0.469,0.097,0.096,0.0,0.012,0.674,1.742,8,5,0.873,1.076,1.116
2026-08-08 08:15:00,0.512,0.102,0.063,0.083,0.01,0.77,1.921,8,5,0.972,0.886,1.104
2026-08-08 08:30:00,0.474,0.108,0.08,0.0,0.015,0.678,2.118,8,5,0.839,0.923,1.085
2026-08-08 08:45:00,0.535,0.091,0.0,0.178,0.022,0.827,2.072,8,5,0.872,0.917,1.359
2026-08-08 09:00:00,0.458,0.093,0.023,0.177,0.035,0.786,2.557,9,5,0.674,0.873,1.323
2026-08-08 09:15:00,0.534,0.097,0.037,0.192,0.0,0.86,2.591,9,5,0.77,0.972,1.492
2026-08-08 09:30:00,0.504,0.087,0.049,0.162,0.018,0.82,2.662,9,5,0.678,0.839,2.05
2026-08-08 09:45:00,0.498,0.092,0.0,0.225,0.007,0.821,3.034,9,5,0.827,0.872,1.538
2026-08-08 10:00:00,0.489,0.095,0.01,0.366,0.003,0.964,2.974,10,5,0.786,0.674,1.507
2026-08-08 10:15:00,0.508,0.109,0.012,0.2,0.03,0.858,3.158,10,5,0.86,0.77,1.789
2026-08-08 10:30:00,0.499,0.103,0.004,0.267,0.025,0.898,3.435,10,5,0.82,0.678,1.895
2026-08-08 10:45:00,0.522,0.102,0.0,0.169,0.024,0.818,3.229,10,5,0.821,0.827,2.711
2026-08-08 11:00:00,0.502,0.109,0.009,0.216,0.029,0.865,3.284,11,5,0.964,0.786,2.164
2026-08-08 11:15:00,0.503,0.099,0.0,0.338,0.015,0.955,3.518,11,5,0.858,0.86,2.874
2026-08-08 11:30:00,0.493,0.104,0.014,0.464,0.016,1.09,3.643,11,5,0.898,0.82,3.038
2026-08-08 11:45:00,0.499,0.099,0.003,0.352,0.042,0.994,3.394,11,5,0.818,0.821,2.763
2026-08-08 12:00:00,0.506,0.103,0.0,0.377,0.018,1.003,3.6,12,5,0.865,0.964,2.665
2026-08-08 12:15:00,0.466,0.094,0.041,0.381,0.027,1.009,3.609,12,5,0.955,0.858,2.654
2026-08-08 12:30:00,0.473,0.076,0.0,0.388,0.02,0.956,3.323,12,5,1.09,0.898,2.822
2026-08-08 12:45:00,0.515,0.099,0.0,0.488,0.002,1.103,3.57,12,5,0.994,0.818,2.807
2026-08-08 13:00:00,0.503,0.114,0.04,0.323,0.0,0.981,3.525,13,5,1.003,0.865,3.132
2026-08-08 13:15:00,0.496,0.109,0.0,0.613,0.014,1.233,3.339,13,5,1.009,0.955,3.703
2026-08-08 13:30:00,0.5,0.11,0.0,0.427,0.031,1.067,3.413,13,5,0.956,1.09,3.001
2026-08-08 13:45:00,0.507,0.112,0.0,0.57,0.028,1.218,3.306,13,5,1.103,0.994,3.141
2026-08-08 14:00:00,0.489,0.101,0.017,0.373,0.029,1.009,3.092,14,5,0.981,1.003,3.198
2026-08-08 14:15:00,0.484,0.102,0.005,0.565,0.01,1.166,2.914,14,5,1.233,1.009,3.089
2026-08-08 14:30:00,0.504,0.094,0.0,0.56,0.036,1.194,2.726,14,5,1.067,0.956,2.979
2026-08-08 14:45:00,0.48,0.097,0.0,0.523,0.01,1.111,2.672,14,5,1.218,1.103,3.183
2026-08-08 15:00:00,0.508,0.106,0.0,0.374,0.022,1.01,2.574,15,5,1.009,0.981,2.942
2026-08-08 15:15:00,0.466,0.112,0.004,0.483,0.02,1.085,2.314,15,5,1.166,1.233,2.918
2026-08-08 15:30:00,0.521,0.099,0.017,0.323,0.018,0.977,1.947,15,5,1.194,1.067,2.874
2026-08-08 15:45:00,0.509,0.095,0.022,0.396,0.033,1.056,2.104,15,5,1.111,1.218,2.567
2026-08-08 16:00:00,0.505,0.1,0.0,0.503,0.013,1.121,1.799,16,5,1.01,1.009,2.675
2026-08-08 16:15:00,0.52,0.106,0.05,0.457,0.007,1.139,1.536,16,5,1.085,1.166,2.48
2026-08-08 16:30:00,0.533,0.086,0.046,0.355,0.02,1.04,1.448,16,5,0.977,1.194,2.535
2026-08-08 16:45:00,0.52,0.077,0.084,0.231,0.016,0.928,1.296,16,5,1.056,1.111,2.161
2026-08-08 17:00:00,0.463,0.094,0.084,0.368,0.054,1.063,0.641,17,5,1.121,1.01,2.296
2026-08-08 17:15:00,0.474,0.088,0.119,0.28,0.027,0.988,0.738,17,5,1.139,1.085,2.213
2026-08-08 17:30:00,0.488,0.095,0.133,0.021,0.016,0.752,0.322,17,5,1.04,0.977,2.087
2026-08-08 17:45:00,0.501,0.099,0.179,0.307,0.009,1.094,0.283,17,5,0.928,1.056,1.917
2026-08-08 18:00:00,0.51,0.095,0.192,0.203,0.001,1.003,0.013,18,5,1.063,1.121,1.788
2026-08-08 18:15:00,0.485,0.115,0.21,0.304,0.01,1.123,0.064,18,5,0.988,1.139,1.699
2026-08-08 18:30:00,0.504,0.103,0.286,0.053,0.021,0.967,0.0,18,5,0.752,1.04,1.874
2026-08-08 18:45:00,0.485,0.103,0.283,0.0,0.034,0.905,0.0,18,5,1.094,0.928,1.59
2026-08-08 19:00:00,0.488,0.106,0.295,0.153,0.031,1.073,0.0,19,5,1.003,1.063,1.431
2026-08-08 19:15:00,0.472,0.089,0.27,0.137,0.022,0.99,0.041,19,5,1.123,0.988,1.496
2026-08-08 19:30:00,0.482,0.11,0.274,0.0,0.017,0.883,0.102,19,5,0.967,0.752,1.343
2026-08-08 19:45:00,0.473,0.099,0.302,0.0,0.023,0.897,0.0,19,5,0.905,1.094,1.237
2026-08-08 20:00:00,0.48,0.157,0.287,0.343,0.015,1.282,0.103,20,5,1.073,1.003,1.104
2026-08-08 20:15:00,0.521,0.139,0.252,0.027,0.037,0.977,0.0,20,5,0.99,1.123,1.232
2026-08-08 20:30:00,0.481,0.134,0.243,0.121,0.018,0.998,0.036,20,5,0.883,0.967,1.149
2026-08-08 20:45:00,0.553,0.158,0.244,0.0,0.019,0.974,0.0,20,5,0.897,0.905,1.138
2026-08-08 21:00:00,0.51,0.154,0.196,0.0,0.0,0.859,0.018,21,5,1.282,1.073,1.087
2026-08-08 21:15:00,0.504,0.141,0.129,0.01,0.018,0.802,0.089,21,5,0.977,0.99,0.997
2026-08-08 21:30:00,0.483,0.141,0.121,0.0,0.028,0.774,0.0,21,5,0.998,0.883,0.868
2026-08-08 21:45:00,0.514,0.161,0.081,0.0,0.009,0.766,0.0,21,5,0.974,0.897,0.823
2026-08-08 22:00:00,0.488,0.138,0.067,0.003,0.012,0.709,0.018,22,5,0.859,1.282,0.871
2026-08-08 22:15:00,0.502,0.166,0.048,0.038,0.028,0.782,0.24,22,5,0.802,0.977,0.915
2026-08-08 22:30:00,0.551,0.141,0.031,0.0,0.005,0.728,0.0,22,5,0.774,0.998,0.731
2026-08-08 22:45:00,0.498,0.156,0.004,0.0,0.031,0.689,0.204,22,5,0.766,0.974,0.729
2026-08-08 23:00:00,0.523,0.147,0.017,0.054,0.015,0.756,0.2,23,5,0.709,0.859,0.647
2026-08-08 23:15:00,0.486,0.156,0.002,0.0,0.016,0.66,0.0,23,5,0.782,0.802,0.698
2026-08-08 23:30:00,0.499,0.145,0.0,0.0,0.009,0.653,0.0,23,5,0.728,0.774,0.812
2026-08-08 23:45:00,0.535,0.148,0.046,0.076,0.024,0.831,0.0,23,5,0.689,0.766,0.695
2026-08-09 00:00:00,0.487,0.15,0.022,0.051,0.045,0.755,0.0,0,6,0.756,0.709,0.698
2026-08-09 00:15:00,0.536,0.14,0.0,0.0,0.028,0.704,0.0,0,6,0.66,0.782,0.646
2026-08-09 00:30:00,0.514,0.157,0.0,0.0,0.011,0.683,0.0,0,6,0.653,0.728,0.789
2026-08-09 00:45:00,0.489,0.145,0.0,0.0,0.031,0.665,0.15,0,6,0.831,0.689,0.643
2026-08-09 01:00:00,0.513,0.148,0.034,0.0,0.017,0.711,0.0,1,6,0.755,0.756,0.744
2026-08-09 01:15:00,0.519,0.14,0.038,0.0,0.034,0.731,0.0,1,6,0.704,0.66,0.734
2026-08-09 01:30:00,0.512,0.124,0.003,0.0,0.028,0.668,0.0,1,6,0.683,0.653,0.708
2026-08-09 01:45:00,0.469,0.148,0.02,0.065,0.0,0.703,0.037,1,6,0.665,0.831,0.752
2026-08-09 02:00:00,0.485,0.174,0.004,0.143,0.01,0.816,0.026,2,6,0.711,0.755,0.71
2026-08-09 02:15:00,0.495,0.158,0.0,0.0,0.029,0.682,0.006,2,6,0.731,0.704,0.697
2026-08-09 02:30:00,0.499,0.15,0.0,0.076,0.022,0.746,0.0,2,6,0.668,0.683,0.692
2026-08-09 02:45:00,0.512,0.147,0.003,0.0,0.01,0.672,0.0,2,6,0.703,0.665,0.688
2026-08-09 03:00:00,0.504,0.15,0.0,0.067,0.014,0.734,0.05,3,6,0.816,0.711,0.916
2026-08-09 03:15:00,0.473,0.155,0.0,0.0,0.001,0.63,0.0,3,6,0.682,0.731,0.837
2026-08-09 03:30:00,0.508,0.138,0.002,0.032,0.019,0.698,0.031,3,6,0.746,0.668,0.748
2026-08-09 03:45:00,0.512,0.161,0.005,0.0,0.042,0.721,0.021,3,6,0.672,0.703,0.675
2026-08-09 04:00:00,0.511,0.157,0.014,0.134,0.028,0.845,0.112,4,6,0.734,0.816,0.806
2026-08-09 04:15:00,0.522,0.157,0.003,0.0,0.042,0.723,0.068,4,6,0.63,0.682,0.764
2026-08-09 04:30:00,0.517,0.154,0.026,0.066,0.029,0.792,0.019,4,6,0.698,0.746,0.752
2026-08-09 04:45:00,0.509,0.15,0.039,0.0,0.03,0.729,0.152,4,6,0.721,0.672,0.772
2026-08-09 05:00:00,0.499,0.157,0.117,0.0,0.04,0.812,0.042,5,6,0.845,0.734,0.773
2026-08-09 05:15:00,0.467,0.156,0.095,0.0,0.024,0.742,0.13,5,6,0.723,0.63,0.851
2026-08-09 05:30:00,0.509,0.146,0.205,0.0,0.018,0.878,0.061,5,6,0.792,0.698,0.893
2026-08-09 05:45:00,0.504,0.144,0.254,0.01,0.03,0.943,0.0,5,6,0.729,0.721,0.885
2026-08-09 06:00:00,0.505,0.101,0.259,0.008,0.035,0.908,0.13,6,6,0.812,0.845,1.076
2026-08-09 06:15:00,0.474,0.115,0.239,0.042,0.015,0.886,0.292,6,6,0.742,0.723,0.886
2026-08-09 06:30:00,0.478,0.088,0.293,0.03,0.013,0.902,0.55,6,6,0.878,0.792,0.923
2026-08-09 06:45:00,0.521,0.085,0.289,0.107,0.021,1.024,0.859,6,6,0.943,0.729,0.917
2026-08-09 07:00:00,0.499,0.102,0.245,0.125,0.028,0.999,1.067,7,6,0.908,0.812,0.873
2026-08-09 07:15:00,0.514,0.101,0.216,0.0,0.028,0.858,1.391,7,6,0.886,0.742,0.972
2026-08-09 07:30:00,0.501,0.102,0.213,0.135,0.006,0.955,1.57,7,6,0.902,0.878,0.839
2026-08-09 07:45:00,0.501,0.102,0.151,0.0,0.039,0.793,2.01,7,6,1.024,0.943,0.872
2026-08-09 08:00:00,0.519,0.098,0.079,0.126,0.014,0.835,2.117,8,6,0.999,0.908,0.674
2026-08-09 08:15:00,0.49,0.115,0.033,0.142,0.017,0.796,2.327,8,6,0.858,0.886,0.77
2026-08-09 08:30:00,0.502,0.084,0.034,0.0,0.011,0.631,2.499,8,6,0.955,0.902,0.678
2026-08-09 08:45:00,0.491,0.092,0.02,0.117,0.047,0.766,2.833,8,6,0.793,1.024,0.827
2026-08-09 09:00:00,0.491,0.099,0.023,0.078,0.022,0.714,3.029,9,6,0.835,0.999,0.786
2026-08-09 09:15:00,0.494,0.084,0.0,0.067,0.011,0.656,3.239,9,6,0.796,0.858,0.86
2026-08-09 09:30:00,0.504,0.098,0.014,0.297,0.029,0.942,3.274,9,6,0.631,0.955,0.82
2026-08-09 09:45:00,0.49,0.117,0.04,0.118,0.028,0.793,3.379,9,6,0.766,0.793,0.821
2026-08-09 10:00:00,0.525,0.1,0.017,0.125,0.018,0.785,3.749,10,6,0.714,0.835,0.964
2026-08-09 10:15:00,0.482,0.102,0.0,0.236,0.028,0.849,3.966,10,6,0.656,0.796,0.858
2026-08-09 10:30:00,0.496,0.087,0.0,0.322,0.012,0.917,3.83,10,6,0.942,0.631,0.898
2026-08-09 10:45:00,0.491,0.094,0.0,0.264,0.015,0.864,4.19,10,6,0.793,0.766,0.818
2026-08-09 11:00:00,0.529,0.096,0.024,0.42,0.0,1.069,4.14,11,6,0.785,0.714,0.865
2026-08-09 11:15:00,0.504,0.097,0.0,0.382,0.007,0.989,4.174,11,6,0.849,0.656,0.955
2026-08-09 11:30:00,0.521,0.113,0.001,0.136,0.038,0.808,4.18,11,6,0.917,0.942,1.09
2026-08-09 11:45:00,0.47,0.106,0.001,0.324,0.036,0.938,4.109,11,6,0.864,0.793,0.994
2026-08-09 12:00:00,0.505,0.089,0.0,0.344,0.021,0.959,4.355,12,6,1.069,0.785,1.003
2026-08-09 12:15:00,0.518,0.102,0.0,0.47,0.037,1.127,4.17,12,6,0.989,0.849,1.009
2026-08-09 12:30:00,0.502,0.105,0.006,0.179,0.018,0.81,4.142,12,6,0.808,0.917,0.956
2026-08-09 12:45:00,0.521,0.111,0.0,0.713,0.018,1.364,4.274,12,6,0.938,0.864,1.103
2026-08-09 13:00:00,0.49,0.116,0.01,0.526,0.021,1.162,3.923,13,6,0.959,1.069,0.981
2026-08-09 13:15:00,0.528,0.09,0.0,0.5,0.019,1.136,3.878,13,6,1.127,0.989,1.233
2026-08-09 13:30:00,0.546,0.092,0.025,0.611,0.018,1.291,3.931,13,6,0.81,0.808,1.067
2026-08-09 13:45:00,0.493,0.087,0.0,0.733,0.031,1.344,3.847,13,6,1.364,0.938,1.218
2026-08-09 14:00:00,0.491,0.098,0.035,0.587,0.022,1.232,3.735,14,6,1.162,0.959,1.009
2026-08-09 14:15:00,0.529,0.105,0.0,0.593,0.027,1.254,3.509,14,6,1.136,1.127,1.166
2026-08-09 14:30:00,0.532,0.11,0.01,0.506,0.03,1.188,3.63,14,6,1.291,0.81,1.194
2026-08-09 14:45:00,0.49,0.099,0.012,0.47,0.024,1.095,3.177,14,6,1.344,1.364,1.111
2026-08-09 15:00:00,0.492,0.097,0.0,0.425,0.01,1.024,2.987,15,6,1.232,1.162,1.01
2026-08-09 15:15:00,0.494,0.102,0.014,0.376,0.006,0.992,2.727,15,6,1.254,1.136,1.085
2026-08-09 15:30:00,0.473,0.092,0.034,0.373,0.021,0.993,2.604,15,6,1.188,1.291,0.977
2026-08-09 15:45:00,0.482,0.121,0.0,0.287,0.018,0.908,2.426,15,6,1.095,1.344,1.056
2026-08-09 16:00:00,0.48,0.084,0.03,0.393,0.021,1.007,2.249,16,6,1.024,1.232,1.121
2026-08-09 16:15:00,0.485,0.102,0.0,0.209,0.02,0.815,1.734,16,6,0.992,1.254,1.139
2026-08-09 16:30:00,0.499,0.12,0.021,0.372,0.046,1.059,1.604,16,6,0.993,1.188,1.04
2026-08-09 16:45:00,0.505,0.1,0.088,0.325,0.007,1.025,1.413,16,6,0.908,1.095,0.928
2026-08-09 17:00:00,0.531,0.098,0.063,0.318,0.0,1.01,1.16,17,6,1.007,1.024,1.063
2026-08-09 17:15:00,0.48,0.096,0.074,0.226,0.023,0.9,0.831,17,6,0.815,0.992,0.988
2026-08-09 17:30:00,0.52,0.098,0.119,0.561,0.016,1.314,0.61,17,6,1.059,0.993,0.752
2026-08-09 17:45:00,0.496,0.114,0.193,0.365,0.023,1.191,0.197,17,6,1.025,0.908,1.094
2026-08-09 18:00:00,0.499,0.078,0.145,0.081,0.026,0.829,0.156,18,6,1.01,1.007,1.003
2026-08-09 18:15:00,0.513,0.115,0.191,0.207,0.033,1.059,0.099,18,6,0.9,0.815,1.123
2026-08-09 18:30:00,0.478,0.086,0.27,0.102,0.005,0.94,0.0,18,6,1.314,1.059,0.967
2026-08-09 18:45:00,0.508,0.097,0.302,0.041,0.014,0.963,0.0,18,6,1.191,1.025,0.905
2026-08-09 19:00:00,0.503,0.096,0.282,0.0,0.024,0.905,0.0,19,6,0.829,1.01,1.073
2026-08-09 19:15:00,0.51,0.106,0.271,0.151,0.028,1.066,0.068,19,6,1.059,0.9,0.99
2026-08-09 19:30:00,0.506,0.084,0.342,0.025,0.042,0.999,0.0,19,6,0.94,1.314,0.883
2026-08-09 19:45:00,0.549,0.105,0.328,0.176,0.03,1.187,0.0,19,6,0.963,1.191,0.897
2026-08-09 20:00:00,0.487,0.17,0.297,0.167,0.019,1.141,0.045,20,6,0.905,0.829,1.282
2026-08-09 20:15:00,0.489,0.136,0.249,0.194,0.011,1.08,0.0,20,6,1.066,1.059,0.977
2026-08-09 20:30:00,0.488,0.152,0.239,0.0,0.014,0.893,0.026,20,6,0.999,0.94,0.998
2026-08-09 20:45:00,0.489,0.143,0.209,0.087,0.014,0.942,0.0,20,6,1.187,0.963,0.974
2026-08-09 21:00:00,0.487,0.154,0.189,0.096,0.027,0.953,0.059,21,6,1.141,0.905,0.859
2026-08-09 21:15:00,0.524,0.15,0.181,0.0,0.023,0.877,0.0,21,6,1.08,1.066,0.802
2026-08-09 21:30:00,0.528,0.144,0.141,0.0,0.007,0.82,0.0,21,6,0.893,0.999,0.774
2026-08-09 21:45:00,0.489,0.155,0.076,0.179,0.016,0.914,0.024,21,6,0.942,1.187,0.766
2026-08-09 22:00:00,0.483,0.168,0.102,0.037,0.029,0.82,0.01,22,6,0.953,1.141,0.709
2026-08-09 22:15:00,0.509,0.148,0.062,0.075,0.024,0.818,0.002,22,6,0.877,1.08,0.782
2026-08-09 22:30:00,0.489,0.157,0.054,0.0,0.026,0.726,0.0,22,6,0.82,0.893,0.728
2026-08-09 22:45:00,0.513,0.137,0.058,0.0,0.024,0.732,0.0,22,6,0.914,0.942,0.689
2026-08-09 23:00:00,0.504,0.14,0.0,0.0,0.036,0.681,0.0,23,6,0.82,0.953,0.756
2026-08-09 23:15:00,0.47,0.155,0.012,0.0,0.022,0.659,0.0,23,6,0.818,0.877,0.66
2026-08-09 23:30:00,0.531,0.165,0.0,0.0,0.016,0.712,0.0,23,6,0.726,0.82,0.653
2026-08-09 23:45:00,0.536,0.154,0.0,0.002,0.011,0.702,0.039,23,6,0.732,0.914,0.831
2026-08-10 00:00:00,0.488,0.147,0.007,0.0,0.022,0.664,0.0,0,0,0.681,0.82,0.755
2026-08-10 00:15:00,0.492,0.15,0.05,0.0,0.0,0.692,0.116,0,0,0.659,0.818,0.704
2026-08-10 00:30:00,0.506,0.137,0.0,0.067,0.018,0.729,0.127,0,0,0.712,0.726,0.683
2026-08-10 00:45:00,0.507,0.156,0.0,0.061,0.018,0.741,0.0,0,0,0.702,0.732,0.665
2026-08-10 01:00:00,0.513,0.159,0.013,0.0,0.006,0.691,0.136,1,0,0.664,0.681,0.711
2026-08-10 01:15:00,0.54,0.145,0.002,0.0,0.011,0.699,0.0,1,0,0.692,0.659,0.731
2026-08-10 01:30:00,0.496,0.145,0.0,0.0,0.028,0.67,0.042,1,0,0.729,0.712,0.668
2026-08-10 01:45:00,0.484,0.153,0.0,0.0,0.022,0.659,0.0,1,0,0.741,0.702,0.703
2026-08-10 02:00:00,0.472,0.146,0.005,0.065,0.021,0.709,0.092,2,0,0.691,0.664,0.816
2026-08-10 02:15:00,0.485,0.149,0.0,0.094,0.023,0.752,0.041,2,0,0.699,0.692,0.682
2026-08-10 02:30:00,0.499,0.171,0.0,0.0,0.021,0.691,0.0,2,0,0.67,0.729,0.746
2026-08-10 02:45:00,0.536,0.148,0.024,0.0,0.032,0.74,0.0,2,0,0.659,0.741,0.672
2026-08-10 03:00:00,0.49,0.146,0.02,0.03,0.021,0.707,0.0,3,0,0.709,0.691,0.734
2026-08-10 03:15:00,0.504,0.144,0.003,0.0,0.005,0.656,0.019,3,0,0.752,0.699,0.63
2026-08-10 03:30:00,0.5,0.157,0.008,0.0,0.036,0.701,0.057,3,0,0.691,0.67,0.698
2026-08-10 03:45:00,0.524,0.148,0.028,0.14,0.024,0.864,0.065,3,0,0.74,0.659,0.721
2026-08-10 04:00:00,0.551,0.144,0.018,0.092,0.014,0.818,0.0,4,0,0.707,0.709,0.845
2026-08-10 04:15:00,0.489,0.163,0.042,0.029,0.007,0.731,0.0,4,0,0.656,0.752,0.723
2026-08-10 04:30:00,0.49,0.164,0.035,0.0,0.024,0.713,0.0,4,0,0.701,0.691,0.792
2026-08-10 04:45:00,0.521,0.144,0.091,0.043,0.019,0.818,0.115,4,0,0.864,0.74,0.729
2026-08-10 05:00:00,0.514,0.131,0.104,0.134,0.036,0.919,0.0,5,0,0.818,0.707,0.812
2026-08-10 05:15:00,0.537,0.16,0.141,0.0,0.017,0.855,0.014,5,0,0.731,0.656,0.742
2026-08-10 05:30:00,0.512,0.143,0.157,0.18,0.012,1.003,0.0,5,0,0.713,0.701,0.878
2026-08-10 05:45:00,0.493,0.158,0.232,0.186,0.029,1.098,0.034,5,0,0.818,0.864,0.943
2026-08-10 06:00:00,0.512,0.08,0.248,0.238,0.029,1.107,0.0,6,0,0.919,0.818,0.908
2026-08-10 06:15:00,0.522,0.109,0.278,0.119,0.022,1.05,0.422,6,0,0.855,0.731,0.886
2026-08-10 06:30:00,0.516,0.088,0.284,0.169,0.027,1.083,0.711,6,0,1.003,0.713,0.902
2026-08-10 06:45:00,0.51,0.107,0.269,0.276,0.02,1.183,0.898,6,0,1.098,0.818,1.024
2026-08-10 07:00:00,0.521,0.1,0.307,0.209,0.022,1.16,1.244,7,0,1.107,0.919,0.999
2026-08-10 07:15:00,0.523,0.09,0.253,0.149,0.032,1.047,1.506,7,0,1.05,0.855,0.858
2026-08-10 07:30:00,0.528,0.096,0.22,0.194,0.026,1.064,1.717,7,0,1.083,1.003,0.955
2026-08-10 07:45:00,0.513,0.107,0.113,0.309,0.018,1.06,2.062,7,0,1.183,1.098,0.793
2026-08-10 08:00:00,0.497,0.101,0.099,0.209,0.034,0.939,2.448,8,0,1.16,1.107,0.835
2026-08-10 08:15:00,0.503,0.106,0.039,0.384,0.0,1.032,2.731,8,0,1.047,1.05,0.796
2026-08-10 08:30:00,0.524,0.12,0.027,0.575,0.041,1.286,2.972,8,0,1.064,1.083,0.631
2026-08-10 08:45:00,0.484,0.084,0.006,0.322,0.003,0.898,3.172,8,0,1.06,1.183,0.766
2026-08-10 09:00:00,0.507,0.116,0.038,0.777,0.014,1.452,3.528,9,0,0.939,1.16,0.714
2026-08-10 09:15:00,0.492,0.101,0.0,0.826,0.02,1.439,3.658,9,0,1.032,1.047,0.656
2026-08-10 09:30:00,0.501,0.091,0.025,0.766,0.445,1.827,3.924,9,0,1.286,1.064,0.942
2026-08-10 09:45:00,0.526,0.087,0.014,0.971,0.03,1.627,3.861,9,0,0.898,1.06,0.793
2026-08-10 10:00:00,0.504,0.098,0.047,1.028,0.009,1.686,3.814,10,0,1.452,0.939,0.785
2026-08-10 10:15:00,0.501,0.109,0.0,1.268,0.389,2.266,4.384,10,0,1.439,1.032,0.849
2026-08-10 10:30:00,0.473,0.099,0.025,1.364,0.758,2.718,4.345,10,0,1.827,1.286,0.917
2026-08-10 10:45:00,0.515,0.115,0.023,1.25,0.023,1.926,4.578,10,0,1.627,0.898,0.864
2026-08-10 11:00:00,0.513,0.085,0.0,1.575,0.019,2.193,4.661,11,0,1.686,1.452,1.069
2026-08-10 11:15:00,0.543,0.1,0.02,1.622,0.021,2.306,4.922,11,0,2.266,1.439,0.989
2026-08-10 11:30:00,0.494,0.087,0.007,1.775,0.015,2.377,4.855,11,0,2.718,1.827,0.808
2026-08-10 11:45:00,0.504,0.104,0.0,1.814,0.685,3.108,4.863,11,0,1.926,1.627,0.938
2026-08-10 12:00:00,0.505,0.109,0.0,2.177,0.715,3.505,4.941,12,0,2.193,1.686,0.959
2026-08-10 12:15:00,0.532,0.096,0.0,2.213,0.029,2.87,4.883,12,0,2.306,2.266,1.127
2026-08-10 12:30:00,0.498,0.074,0.041,2.132,0.675,3.421,4.77,12,0,2.377,2.718,0.81
2026-08-10 12:45:00,0.506,0.102,0.0,2.159,0.011,2.778,4.871,12,0,3.108,1.926,1.364
2026-08-10 13:00:00,0.512,0.104,0.016,2.326,0.026,2.985,4.58,13,0,3.505,2.193,1.162
2026-08-10 13:15:00,0.504,0.104,0.0,2.467,0.02,3.094,4.631,13,0,2.87,2.306,1.136
2026-08-10 13:30:00,0.491,0.112,0.0,2.49,0.028,3.121,4.332,13,0,3.421,2.377,1.291
2026-08-10 13:45:00,0.504,0.089,0.022,2.617,0.688,3.92,4.376,13,0,2.778,3.108,1.344
2026-08-10 14:00:00,0.521,0.107,0.0,2.579,0.002,3.209,4.226,14,0,2.985,3.505,1.232
2026-08-10 14:15:00,0.479,0.112,0.0,2.588,0.015,3.194,4.206,14,0,3.094,2.87,1.254
2026-08-10 14:30:00,0.503,0.082,0.002,2.498,0.012,3.097,3.697,14,0,3.121,3.421,1.188
2026-08-10 14:45:00,0.486,0.103,0.004,2.284,0.019,2.897,3.592,14,0,3.92,2.778,1.095
2026-08-10 15:00:00,0.524,0.095,0.0,2.345,0.014,2.978,3.517,15,0,3.209,2.985,1.024
2026-08-10 15:15:00,0.47,0.099,0.013,2.398,0.027,3.008,3.236,15,0,3.194,3.094,0.992
2026-08-10 15:30:00,0.489,0.103,0.022,2.201,0.017,2.833,2.975,15,0,3.097,3.121,0.993
2026-08-10 15:45:00,0.508,0.095,0.028,2.159,0.022,2.811,2.603,15,0,2.897,3.92,0.908
2026-08-10 16:00:00,0.531,0.093,0.0,1.97,0.022,2.616,2.369,16,0,2.978,3.209,1.007
2026-08-10 16:15:00,0.499,0.1,0.023,1.784,0.022,2.428,2.273,16,0,3.008,3.194,0.815
2026-08-10 16:30:00,0.489,0.089,0.064,1.754,0.02,2.417,1.854,16,0,2.833,3.097,1.059
2026-08-10 16:45:00,0.538,0.089,0.074,1.673,0.025,2.399,1.599,16,0,2.811,2.897,1.025
2026-08-10 17:00:00,0.471,0.107,0.047,1.451,0.457,2.532,1.246,17,0,2.616,2.978,1.01
2026-08-10 17:15:00,0.456,0.089,0.104,1.367,0.034,2.05,0.829,17,0,2.428,3.008,0.9
2026-08-10 17:30:00,0.509,0.107,0.084,1.172,0.018,1.889,0.727,17,0,2.417,2.833,1.314
2026-08-10 17:45:00,0.49,0.105,0.153,1.257,0.007,2.011,0.368,17,0,2.399,2.811,1.191
2026-08-10 18:00:00,0.48,0.083,0.22,0.998,0.022,1.802,0.231,18,0,2.532,2.616,0.829
2026-08-10 18:15:00,0.514,0.093,0.193,1.062,0.011,1.874,0.0,18,0,2.05,2.428,1.059
2026-08-10 18:30:00,0.505,0.112,0.224,0.965,0.027,1.832,0.082,18,0,1.889,2.417,0.94
2026-08-10 18:45:00,0.489,0.09,0.28,0.706,0.042,1.607,0.0,18,0,2.011,2.399,0.963
2026-08-10 19:00:00,0.474,0.095,0.253,0.523,0.012,1.357,0.016,19,0,1.802,2.532,0.905
2026-08-10 19:15:00,0.517,0.105,0.283,0.332,0.023,1.261,0.098,19,0,1.874,2.05,1.066
2026-08-10 19:30:00,0.513,0.108,0.312,0.318,0.002,1.254,0.0,19,0,1.832,1.889,0.999
2026-08-10 19:45:00,0.498,0.097,0.283,0.261,0.025,1.164,0.0,19,0,1.607,2.011,1.187
2026-08-10 20:00:00,0.537,0.144,0.279,0.476,0.011,1.447,0.0,20,0,1.357,1.802,1.141
2026-08-10 20:15:00,0.479,0.164,0.28,0.297,0.014,1.233,0.0,20,0,1.261,1.874,1.08
2026-08-10 20:30:00,0.469,0.167,0.249,0.278,0.009,1.173,0.039,20,0,1.254,1.832,0.893
2026-08-10 20:45:00,0.486,0.16,0.217,0.0,0.027,0.891,0.112,20,0,1.164,1.607,0.942
2026-08-10 21:00:00,0.499,0.151,0.175,0.045,0.03,0.9,0.0,21,0,1.447,1.357,0.953
2026-08-10 21:15:00,0.505,0.142,0.159,0.224,0.02,1.05,0.021,21,0,1.233,1.261,0.877
2026-08-10 21:30:00,0.495,0.142,0.121,0.139,0.011,0.908,0.011,21,0,1.173,1.254,0.82
2026-08-10 21:45:00,0.507,0.155,0.107,0.074,0.036,0.879,0.0,21,0,0.891,1.164,0.914
2026-08-10 22:00:00,0.475,0.154,0.065,0.128,0.012,0.834,0.0,22,0,0.9,1.447,0.82
2026-08-10 22:15:00,0.529,0.164,0.052,0.221,0.0,0.966,0.111,22,0,1.05,1.233,0.818
2026-08-10 22:30:00,0.498,0.157,0.021,0.023,0.025,0.723,0.03,22,0,0.908,1.173,0.726
2026-08-10 22:45:00,0.522,0.135,0.028,0.042,0.009,0.737,0.039,22,0,0.879,0.891,0.732
2026-08-10 23:00:00,0.507,0.161,0.003,0.047,0.03,0.748,0.0,23,0,0.834,0.9,0.681
2026-08-10 23:15:00,0.509,0.14,0.0,0.261,0.016,0.926,0.0,23,0,0.966,1.05,0.659
2026-08-10 23:30:00,0.511,0.146,0.014,0.0,0.026,0.697,0.0,23,0,0.723,0.908,0.712
2026-08-10 23:45:00,0.509,0.153,0.01,0.081,0.034,0.786,0.0,23,0,0.737,0.879,0.702
2026-08-11 00:00:00,0.513,0.17,0.016,0.0,0.008,0.706,0.0,0,1,0.748,0.834,0.664
2026-08-11 00:15:00,0.527,0.181,0.0,0.057,0.014,0.779,0.0,0,1,0.926,0.966,0.692
2026-08-11 00:30:00,0.504,0.156,0.008,0.0,0.019,0.687,0.052,0,1,0.697,0.723,0.729
2026-08-11 00:45:00,0.514,0.148,0.011,0.0,0.035,0.709,0.0,0,1,0.786,0.737,0.741
2026-08-11 01:00:00,0.498,0.155,0.009,0.071,0.013,0.747,0.0,1,1,0.706,0.748,0.691
2026-08-11 01:15:00,0.529,0.159,0.0,0.312,0.014,1.013,0.0,1,1,0.779,0.926,0.699
2026-08-11 01:30:00,0.486,0.147,0.003,0.081,0.025,0.742,0.0,1,1,0.687,0.697,0.67
2026-08-11 01:45:00,0.536,0.168,0.007,0.0,0.014,0.725,0.0,1,1,0.709,0.786,0.659
2026-08-11 02:00:00,0.499,0.152,0.0,0.0,0.022,0.673,0.217,2,1,0.747,0.706,0.709
2026-08-11 02:15:00,0.471,0.155,0.0,0.0,0.004,0.631,0.105,2,1,1.013,0.779,0.752
2026-08-11 02:30:00,0.503,0.157,0.003,0.0,0.042,0.705,0.102,2,1,0.742,0.687,0.691
2026-08-11 02:45:00,0.486,0.154,0.045,0.0,0.007,0.692,0.117,2,1,0.725,0.709,0.74
2026-08-11 03:00:00,0.517,0.158,0.0,0.076,0.017,0.768,0.0,3,1,0.673,0.747,0.707
2026-08-11 03:15:00,0.487,0.144,0.0,0.0,0.02,0.65,0.0,3,1,0.631,1.013,0.656
2026-08-11 03:30:00,0.491,0.144,0.011,0.11,0.039,0.796,0.0,3,1,0.705,0.742,0.701
2026-08-11 03:45:00,0.462,0.139,0.013,0.056,0.007,0.677,0.133,3,1,0.692,0.725,0.864
2026-08-11 04:00:00,0.491,0.154,0.037,0.0,0.04,0.722,0.0,4,1,0.768,0.673,0.818
2026-08-11 04:15:00,0.452,0.158,0.0,0.0,0.028,0.637,0.0,4,1,0.65,0.631,0.731
2026-08-11 04:30:00,0.468,0.155,0.055,0.176,0.024,0.879,0.0,4,1,0.796,0.705,0.713
2026-08-11 04:45:00,0.515,0.167,0.077,0.095,0.01,0.864,0.0,4,1,0.677,0.692,0.818
2026-08-11 05:00:00,0.516,0.15,0.095,0.029,0.026,0.815,0.027,5,1,0.722,0.768,0.919
2026-08-11 05:15:00,0.509,0.157,0.144,0.012,0.013,0.834,0.025,5,1,0.637,0.65,0.855
2026-08-11 05:30:00,0.481,0.139,0.203,0.053,0.033,0.908,0.0,5,1,0.879,0.796,1.003
2026-08-11 05:45:00,0.499,0.146,0.244,0.006,0.01,0.905,0.069,5,1,0.864,0.677,1.098
2026-08-11 06:00:00,0.5,0.107,0.242,0.0,0.019,0.868,0.0,6,1,0.815,0.722,1.107
2026-08-11 06:15:00,0.477,0.108,0.307,0.293,0.014,1.2,0.192,6,1,0.834,0.637,1.05
2026-08-11 06:30:00,0.53,0.097,0.299,0.125,0.01,1.061,0.482,6,1,0.908,0.879,1.083
2026-08-11 06:45:00,0.518,0.099,0.292,0.175,0.027,1.111,0.554,6,1,0.905,0.864,1.183
2026-08-11 07:00:00,0.496,0.085,0.266,0.159,0.025,1.031,0.763,7,1,0.868,0.815,1.16
2026-08-11 07:15:00,0.501,0.096,0.223,0.125,0.032,0.978,1.077,7,1,1.2,0.834,1.047
2026-08-11 07:30:00,0.504,0.109,0.206,0.22,0.002,1.042,1.126,7,1,1.061,0.908,1.064
2026-08-11 07:45:00,0.459,0.106,0.136,0.125,0.031,0.857,1.363,7,1,1.111,0.905,1.06
2026-08-11 08:00:00,0.495,0.105,0.075,0.566,0.811,2.052,1.639,8,1,1.031,0.868,0.939
2026-08-11 08:15:00,0.486,0.1,0.057,0.275,0.015,0.934,1.965,8,1,0.978,1.2,1.032
2026-08-11 08:30:00,0.48,0.1,0.044,0.362,0.039,1.026,1.989,8,1,1.042,1.061,1.286
2026-08-11 08:45:00,0.494,0.093,0.048,0.497,0.017,1.15,2.136,8,1,0.857,1.111,0.898
2026-08-11 09:00:00,0.536,0.107,0.025,0.752,0.006,1.427,2.293,9,1,2.052,1.031,1.452
2026-08-11 09:15:00,0.513,0.104,0.0,0.715,0.017,1.349,2.274,9,1,0.934,0.978,1.439
2026-08-11 09:30:00,0.489,0.105,0.053,0.688,0.03,1.365,2.525,9,1,1.026,1.042,1.827
2026-08-11 09:45:00,0.511,0.095,0.007,1.042,0.012,1.667,2.631,9,1,1.15,0.857,1.627
2026-08-11 10:00:00,0.528,0.078,0.026,1.101,0.014,1.747,2.775,10,1,1.427,2.052,1.686
2026-08-11 10:15:00,0.518,0.111,0.0,1.198,0.026,1.854,2.853,10,1,1.349,0.934,2.266
2026-08-11 10:30:00,0.501,0.095,0.011,1.337,0.02,1.965,2.964,10,1,1.365,1.026,2.718
2026-08-11 10:45:00,0.487,0.091,0.017,1.63,0.026,2.251,2.968,10,1,1.667,1.15,1.926
2026-08-11 11:00:00,0.514,0.107,0.024,1.735,0.022,2.402,3.066,11,1,1.747,1.427,2.193
2026-08-11 11:15:00,0.508,0.096,0.021,1.574,0.025,2.224,2.984,11,1,1.854,1.349,2.306
2026-08-11 11:30:00,0.518,0.111,0.017,1.929,0.016,2.591,3.109,11,1,1.965,1.365,2.377
2026-08-11 11:45:00,0.513,0.106,0.0,1.925,0.022,2.567,3.3,11,1,2.251,1.667,3.108
2026-08-11 12:00:00,0.521,0.107,0.0,2.052,0.011,2.69,3.2,12,1,2.402,1.747,3.505
2026-08-11 12:15:00,0.489,0.086,0.007,1.94,0.371,2.893,3.159,12,1,2.224,1.854,2.87
2026-08-11 12:30:00,0.526,0.112,0.019,2.189,0.014,2.86,3.33,12,1,2.591,1.965,3.421
2026-08-11 12:45:00,0.504,0.103,0.0,2.211,0.031,2.849,2.971,12,1,2.567,2.251,2.778
2026-08-11 13:00:00,0.542,0.096,0.021,2.448,0.018,3.125,2.949,13,1,2.69,2.402,2.985
2026-08-11 13:15:00,0.486,0.101,0.029,2.53,0.022,3.169,3.171,13,1,2.893,2.224,3.094
2026-08-11 13:30:00,0.535,0.082,0.0,2.258,0.015,2.89,2.931,13,1,2.86,2.591,3.121
2026-08-11 13:45:00,0.504,0.104,0.0,2.489,0.01,3.107,2.817,13,1,2.849,2.567,3.92
2026-08-11 14:00:00,0.487,0.09,0.0,2.612,0.003,3.191,2.623,14,1,3.125,2.69,3.209
2026-08-11 14:15:00,0.49,0.086,0.007,2.473,0.009,3.066,2.679,14,1,3.169,2.893,3.194
2026-08-11 14:30:00,0.494,0.085,0.0,2.538,0.017,3.134,2.568,14,1,2.89,2.86,3.097
2026-08-11 14:45:00,0.508,0.111,0.029,2.458,0.022,3.129,2.272,14,1,3.107,2.849,2.897
2026-08-11 15:00:00,0.51,0.094,0.012,2.399,0.03,3.045,2.226,15,1,3.191,3.125,2.978
2026-08-11 15:15:00,0.489,0.115,0.006,2.265,0.016,2.891,2.055,15,1,3.066,3.169,3.008
2026-08-11 15:30:00,0.5,0.095,0.0,2.085,0.675,3.354,1.954,15,1,3.134,2.89,2.833
2026-08-11 15:45:00,0.543,0.083,0.0,1.997,0.006,2.628,1.648,15,1,3.129,3.107,2.811
2026-08-11 16:00:00,0.535,0.089,0.025,2.073,0.025,2.746,1.709,16,1,3.045,3.191,2.616
2026-08-11 16:15:00,0.509,0.112,0.0,1.889,0.034,2.544,1.493,16,1,2.891,3.066,2.428
2026-08-11 16:30:00,0.501,0.098,0.061,1.753,0.033,2.445,1.176,16,1,3.354,3.134,2.417
2026-08-11 16:45:00,0.502,0.095,0.053,1.6,0.027,2.277,0.997,16,1,2.628,3.129,2.399
2026-08-11 17:00:00,0.512,0.102,0.14,1.486,0.793,3.033,0.806,17,1,2.746,3.045,2.532
2026-08-11 17:15:00,0.48,0.105,0.144,1.495,0.742,2.965,0.54,17,1,2.544,2.891,2.05
2026-08-11 17:30:00,0.495,0.111,0.12,1.232,0.023,1.981,0.369,17,1,2.445,3.354,1.889
2026-08-11 17:45:00,0.467,0.114,0.15,1.01,0.026,1.768,0.18,17,1,2.277,2.628,2.011
2026-08-11 18:00:00,0.508,0.096,0.202,1.102,0.017,1.925,0.161,18,1,3.033,2.746,1.802
2026-08-11 18:15:00,0.513,0.087,0.246,0.896,0.006,1.748,0.095,18,1,2.965,2.544,1.874
2026-08-11 18:30:00,0.49,0.096,0.207,0.815,0.013,1.622,0.093,18,1,1.981,2.445,1.832
2026-08-11 18:45:00,0.531,0.103,0.229,0.875,0.02,1.758,0.037,18,1,1.768,2.277,1.607
2026-08-11 19:00:00,0.475,0.09,0.271,0.621,0.021,1.479,0.0,19,1,1.925,3.033,1.357
2026-08-11 19:15:00,0.471,0.09,0.308,0.57,0.039,1.478,0.0,19,1,1.748,2.965,1.261
2026-08-11 19:30:00,0.504,0.103,0.31,0.348,0.021,1.286,0.097,19,1,1.622,1.981,1.254
2026-08-11 19:45:00,0.521,0.1,0.317,0.376,0.032,1.346,0.0,19,1,1.758,1.768,1.164
2026-08-11 20:00:00,0.534,0.15,0.26,0.399,0.016,1.359,0.064,20,1,1.479,1.925,1.447
2026-08-11 20:15:00,0.491,0.142,0.218,0.13,0.017,0.998,0.232,20,1,1.478,1.748,1.233
2026-08-11 20:30:00,0.522,0.148,0.257,0.259,0.007,1.193,0.106,20,1,1.286,1.622,1.173
2026-08-11 20:45:00,0.499,0.141,0.195,0.209,0.013,1.057,0.141,20,1,1.346,1.758,0.891
2026-08-11 21:00:00,0.497,0.159,0.142,0.168,0.025,0.991,0.022,21,1,1.359,1.479,0.9
2026-08-11 21:15:00,0.518,0.16,0.155,0.239,0.02,1.091,0.097,21,1,0.998,1.478,1.05
2026-08-11 21:30:00,0.513,0.132,0.139,0.143,0.029,0.956,0.0,21,1,1.193,1.286,0.908
2026-08-11 21:45:00,0.468,0.141,0.095,0.237,0.022,0.963,0.08,21,1,1.057,1.346,0.879
2026-08-11 22:00:00,0.53,0.135,0.066,0.0,0.016,0.747,0.065,22,1,0.991,1.359,0.834
2026-08-11 22:15:00,0.528,0.143,0.053,0.071,0.041,0.836,0.029,22,1,1.091,0.998,0.966
2026-08-11 22:30:00,0.487,0.149,0.033,0.054,0.019,0.743,0.132,22,1,0.956,1.193,0.723
2026-08-11 22:45:00,0.508,0.136,0.002,0.0,0.032,0.677,0.0,22,1,0.963,1.057,0.737
2026-08-11 23:00:00,0.51,0.141,0.005,0.123,0.016,0.795,0.0,23,1,0.747,0.991,0.748
2026-08-11 23:15:00,0.505,0.14,0.024,0.254,0.027,0.95,0.01,23,1,0.836,1.091,0.926
2026-08-11 23:30:00,0.489,0.152,0.015,0.015,0.029,0.7,0.0,23,1,0.743,0.956,0.697
2026-08-11 23:45:00,0.487,0.151,0.009,0.063,0.022,0.731,0.023,23,1,0.677,0.963,0.786
2026-08-12 00:00:00,0.499,0.143,0.0,0.008,0.0,0.651,0.0,0,2,0.795,0.747,0.706
2026-08-12 00:15:00,0.523,0.152,0.0,0.0,0.02,0.695,0.105,0,2,0.95,0.836,0.779
2026-08-12 00:30:00,0.511,0.145,0.0,0.0,0.032,0.688,0.005,0,2,0.7,0.743,0.687
2026-08-12 00:45:00,0.493,0.147,0.004,0.0,0.025,0.669,0.0,0,2,0.731,0.677,0.709
2026-08-12 01:00:00,0.515,0.167,0.029,0.0,0.024,0.735,0.0,1,2,0.651,0.795,0.747
2026-08-12 01:15:00,0.443,0.163,0.0,0.171,0.003,0.78,0.0,1,2,0.695,0.95,1.013
2026-08-12 01:30:00,0.523,0.137,0.0,0.0,0.013,0.673,0.069,1,2,0.688,0.7,0.742
2026-08-12 01:45:00,0.465,0.158,0.007,0.0,0.024,0.654,0.055,1,2,0.669,0.731,0.725
2026-08-12 02:00:00,0.493,0.158,0.025,0.09,0.024,0.79,0.0,2,2,0.735,0.651,0.673
2026-08-12 02:15:00,0.478,0.139,0.0,0.0,0.032,0.648,0.0,2,2,0.78,0.695,0.631
2026-08-12 02:30:00,0.474,0.158,0.0,0.0,0.019,0.651,0.066,2,2,0.673,0.688,0.705
2026-08-12 02:45:00,0.523,0.165,0.0,0.009,0.024,0.722,0.0,2,2,0.654,0.669,0.692
2026-08-12 03:00:00,0.491,0.139,0.003,0.106,0.02,0.758,0.006,3,2,0.79,0.735,0.768
2026-08-12 03:15:00,0.507,0.141,0.042,0.054,0.01,0.754,0.012,3,2,0.648,0.78,0.65
2026-08-12 03:30:00,0.499,0.16,0.009,0.03,0.0,0.698,0.031,3,2,0.651,0.673,0.796
2026-08-12 03:45:00,0.51,0.153,0.006,0.015,0.024,0.708,0.086,3,2,0.722,0.654,0.677
2026-08-12 04:00:00,0.502,0.156,0.02,0.05,0.022,0.748,0.0,4,2,0.758,0.79,0.722
2026-08-12 04:15:00,0.474,0.153,0.024,0.033,0.014,0.698,0.0,4,2,0.754,0.648,0.637
2026-08-12 04:30:00,0.52,0.154,0.024,0.0,0.004,0.702,0.0,4,2,0.698,0.651,0.879
2026-08-12 04:45:00,0.49,0.137,0.081,0.026,0.026,0.761,0.18,4,2,0.708,0.722,0.864
2026-08-12 05:00:00,0.469,0.16,0.102,0.0,0.017,0.749,0.202,5,2,0.748,0.758,0.815
2026-08-12 05:15:00,0.491,0.162,0.138,0.044,0.026,0.86,0.183,5,2,0.698,0.754,0.834
2026-08-12 05:30:00,0.53,0.148,0.162,0.0,0.039,0.879,0.0,5,2,0.702,0.698,0.908
2026-08-12 05:45:00,0.517,0.15,0.253,0.311,0.0,1.23,0.0,5,2,0.761,0.708,0.905
2026-08-12 06:00:00,0.493,0.085,0.278,0.067,0.013,0.936,0.0,6,2,0.749,0.748,0.868
2026-08-12 06:15:00,0.493,0.105,0.28,0.0,0.018,0.896,0.174,6,2,0.86,0.698,1.2
2026-08-12 06:30:00,0.494,0.106,0.32,0.096,0.035,1.05,0.45,6,2,0.879,0.702,1.061
2026-08-12 06:45:00,0.542,0.099,0.281,0.187,0.004,1.112,0.832,6,2,1.23,0.761,1.111
2026-08-12 07:00:00,0.508,0.111,0.249,0.332,0.039,1.239,1.019,7,2,0.936,0.749,1.031
2026-08-12 07:15:00,0.509,0.097,0.211,0.14,0.021,0.978,1.18,7,2,0.896,0.86,0.978
2026-08-12 07:30:00,0.521,0.106,0.147,0.081,0.019,0.873,1.289,7,2,1.05,0.879,1.042
2026-08-12 07:45:00,0.505,0.09,0.147,0.367,0.018,1.126,1.496,7,2,1.112,1.23,0.857
2026-08-12 08:00:00,0.495,0.1,0.061,0.2,0.016,0.871,1.826,8,2,1.239,0.936,2.052
2026-08-12 08:15:00,0.496,0.098,0.04,0.355,0.03,1.02,2.07,8,2,0.978,0.896,0.934
2026-08-12 08:30:00,0.499,0.102,0.0,0.44,0.009,1.05,2.231,8,2,0.873,1.05,1.026
2026-08-12 08:45:00,0.499,0.096,0.022,0.534,0.023,1.175,2.27,8,2,1.126,1.112,1.15
2026-08-12 09:00:00,0.515,0.099,0.01,0.692,0.016,1.332,2.611,9,2,0.871,1.239,1.427
2026-08-12 09:15:00,0.501,0.108,0.0,0.645,0.397,1.652,2.749,9,2,1.02,0.978,1.349
2026-08-12 09:30:00,0.515,0.096,0.0,0.784,0.733,2.128,2.749,9,2,1.05,0.873,1.365
2026-08-12 09:45:00,0.498,0.084,0.0,0.915,0.024,1.522,2.915,9,2,1.175,1.126,1.667
2026-08-12 10:00:00,0.502,0.117,0.01,1.043,0.026,1.698,3.187,10,2,1.332,0.871,1.747
2026-08-12 10:15:00,0.46,0.114,0.0,1.154,0.585,2.313,3.206,10,2,1.652,1.02,1.854
2026-08-12 10:30:00,0.518,0.087,0.006,1.309,0.649,2.571,3.485,10,2,2.128,1.05,1.965
2026-08-12 10:45:00,0.507,0.107,0.0,1.475,0.038,2.126,3.459,10,2,1.522,1.175,2.251
2026-08-12 11:00:00,0.52,0.095,0.004,1.556,0.0,2.174,3.429,11,2,1.698,1.332,2.402
2026-08-12 11:15:00,0.442,0.103,0.026,1.688,0.012,2.271,3.53,11,2,2.313,1.652,2.224
2026-08-12 11:30:00,0.542,0.103,0.012,1.608,0.015,2.28,3.576,11,2,2.571,2.128,2.591
2026-08-12 11:45:00,0.497,0.098,0.0,1.892,0.466,2.953,3.52,11,2,2.126,1.522,2.567
2026-08-12 12:00:00,0.522,0.092,0.005,2.05,0.022,2.691,3.509,12,2,2.174,1.698,2.69
2026-08-12 12:15:00,0.479,0.093,0.0,2.182,0.018,2.772,3.663,12,2,2.271,2.313,2.893
2026-08-12 12:30:00,0.512,0.091,0.0,2.137,0.02,2.76,3.654,12,2,2.28,2.571,2.86
2026-08-12 12:45:00,0.479,0.092,0.0,2.226,0.01,2.807,3.592,12,2,2.953,2.126,2.849
2026-08-12 13:00:00,0.488,0.099,0.0,2.307,0.005,2.899,3.629,13,2,2.691,2.174,3.125
2026-08-12 13:15:00,0.538,0.093,0.004,2.477,0.027,3.139,3.355,13,2,2.772,2.271,3.169
2026-08-12 13:30:00,0.496,0.107,0.0,2.569,0.027,3.199,3.494,13,2,2.76,2.28,2.89
2026-08-12 13:45:00,0.504,0.115,0.0,2.451,0.036,3.106,3.139,13,2,2.807,2.953,3.107
2026-08-12 14:00:00,0.517,0.094,0.0,2.591,0.012,3.214,3.017,14,2,2.899,2.691,3.191
2026-08-12 14:15:00,0.51,0.102,0.0,2.504,0.027,3.143,2.818,14,2,3.139,2.772,3.066
2026-08-12 14:30:00,0.503,0.105,0.0,2.453,0.017,3.078,2.812,14,2,3.199,2.76,3.134
2026-08-12 14:45:00,0.507,0.105,0.005,2.402,0.372,3.391,2.657,14,2,3.106,2.807,3.129
2026-08-12 15:00:00,0.548,0.101,0.0,2.44,0.03,3.119,2.598,15,2,3.214,2.899,3.045
2026-08-12 15:15:00,0.499,0.107,0.016,2.325,0.022,2.969,2.398,15,2,3.143,3.139,2.891
2026-08-12 15:30:00,0.504,0.105,0.009,2.434,0.017,3.069,2.072,15,2,3.078,3.199,3.354
2026-08-12 15:45:00,0.521,0.088,0.0,2.024,0.03,2.662,1.961,15,2,3.391,3.106,2.628
2026-08-12 16:00:00,0.522,0.109,0.033,2.054,0.026,2.744,1.763,16,2,3.119,3.214,2.746
2026-08-12 16:15:00,0.524,0.109,0.045,1.834,0.013,2.525,1.415,16,2,2.969,3.143,2.544
2026-08-12 16:30:00,0.513,0.092,0.021,1.68,0.007,2.312,1.28,16,2,3.069,3.078,2.445
2026-08-12 16:45:00,0.477,0.1,0.064,1.641,0.017,2.3,1.08,16,2,2.662,3.391,2.277
2026-08-12 17:00:00,0.533,0.107,0.058,1.53,0.035,2.262,1.075,17,2,2.744,3.119,3.033
2026-08-12 17:15:00,0.477,0.098,0.099,1.682,0.442,2.799,0.722,17,2,2.525,2.969,2.965
2026-08-12 17:30:00,0.506,0.111,0.098,1.247,0.009,1.971,0.536,17,2,2.312,3.069,1.981
2026-08-12 17:45:00,0.485,0.124,0.116,1.032,0.008,1.764,0.086,17,2,2.3,2.662,1.768
2026-08-12 18:00:00,0.499,0.092,0.174,1.055,0.033,1.853,0.119,18,2,2.262,2.744,1.925
2026-08-12 18:15:00,0.507,0.086,0.21,0.709,0.009,1.52,0.13,18,2,2.799,2.525,1.748
2026-08-12 18:30:00,0.506,0.103,0.232,0.802,0.025,1.669,0.0,18,2,1.971,2.312,1.622
2026-08-12 18:45:00,0.508,0.107,0.241,0.715,0.014,1.586,0.0,18,2,1.764,2.3,1.758
2026-08-12 19:00:00,0.532,0.098,0.276,0.703,0.036,1.645,0.05,19,2,1.853,2.262,1.479
2026-08-12 19:15:00,0.509,0.115,0.301,0.638,0.012,1.575,0.064,19,2,1.52,2.799,1.478
2026-08-12 19:30:00,0.495,0.087,0.299,0.415,0.031,1.328,0.0,19,2,1.669,1.971,1.286
2026-08-12 19:45:00,0.519,0.107,0.3,0.383,0.022,1.331,0.0,19,2,1.586,1.764,1.346
2026-08-12 20:00:00,0.524,0.144,0.27,0.262,0.023,1.222,0.0,20,2,1.645,1.853,1.359
2026-08-12 20:15:00,0.475,0.167,0.288,0.173,0.0,1.104,0.011,20,2,1.575,1.52,0.998
2026-08-12 20:30:00,0.512,0.17,0.217,0.27,0.0,1.169,0.12,20,2,1.328,1.669,1.193
2026-08-12 20:45:00,0.514,0.142,0.222,0.072,0.018,0.967,0.0,20,2,1.331,1.586,1.057
2026-08-12 21:00:00,0.494,0.145,0.206,0.123,0.022,0.989,0.1,21,2,1.222,1.645,0.991
2026-08-12 21:15:00,0.528,0.159,0.162,0.035,0.009,0.892,0.0,21,2,1.104,1.575,1.091
2026-08-12 21:30:00,0.497,0.146,0.119,0.165,0.009,0.936,0.0,21,2,1.169,1.328,0.956
2026-08-12 21:45:00,0.503,0.15,0.087,0.269,0.026,1.034,0.082,21,2,0.967,1.331,0.963
2026-08-12 22:00:00,0.497,0.15,0.096,0.0,0.026,0.768,0.092,22,2,0.989,1.222,0.747
2026-08-12 22:15:00,0.5,0.131,0.027,0.0,0.019,0.677,0.085,22,2,0.892,1.104,0.836
2026-08-12 22:30:00,0.478,0.15,0.021,0.033,0.028,0.71,0.0,22,2,0.936,1.169,0.743
2026-08-12 22:45:00,0.471,0.143,0.021,0.037,0.008,0.68,0.0,22,2,1.034,0.967,0.677
2026-08-12 23:00:00,0.532,0.145,0.044,0.05,0.016,0.788,0.082,23,2,0.768,0.989,0.795
2026-08-12 23:15:00,0.483,0.164,0.021,0.0,0.036,0.705,0.004,23,2,0.677,0.892,0.95
2026-08-12 23:30:00,0.48,0.137,0.0,0.0,0.021,0.638,0.0,23,2,0.71,0.936,0.7
2026-08-12 23:45:00,0.457,0.158,0.0,0.049,0.021,0.686,0.046,23,2,0.68,1.034,0.731
2026-08-13 00:00:00,0.487,0.147,0.0,0.104,0.043,0.782,0.0,0,3,0.788,0.768,0.651
2026-08-13 00:15:00,0.474,0.147,0.0,0.0,0.006,0.627,0.179,0,3,0.705,0.677,0.695
2026-08-13 00:30:00,0.533,0.158,0.02,0.0,0.028,0.738,0.154,0,3,0.638,0.71,0.688
2026-08-13 00:45:00,0.52,0.153,0.0,0.022,0.037,0.732,0.06,0,3,0.686,0.68,0.669
2026-08-13 01:00:00,0.486,0.156,0.032,0.0,0.017,0.691,0.136,1,3,0.782,0.788,0.735
2026-08-13 01:15:00,0.545,0.16,0.017,0.173,0.029,0.923,0.006,1,3,0.627,0.705,0.78
2026-08-13 01:30:00,0.52,0.147,0.022,0.0,0.01,0.698,0.077,1,3,0.738,0.638,0.673
2026-08-13 01:45:00,0.494,0.144,0.0,0.0,0.013,0.651,0.148,1,3,0.732,0.686,0.654
2026-08-13 02:00:00,0.45,0.139,0.0,0.056,0.024,0.669,0.025,2,3,0.691,0.782,0.79
2026-08-13 02:15:00,0.546,0.142,0.0,0.0,0.028,0.716,0.0,2,3,0.923,0.627,0.648
2026-08-13 02:30:00,0.472,0.179,0.0,0.0,0.031,0.683,0.0,2,3,0.698,0.738,0.651
2026-08-13 02:45:00,0.467,0.162,0.01,0.0,0.036,0.675,0.0,2,3,0.651,0.732,0.722
2026-08-13 03:00:00,0.52,0.136,0.027,0.106,0.019,0.809,0.082,3,3,0.669,0.691,0.758
2026-08-13 03:15:00,0.549,0.137,0.0,0.0,0.032,0.718,0.095,3,3,0.716,0.923,0.754
2026-08-13 03:30:00,0.528,0.155,0.0,0.0,0.017,0.699,0.05,3,3,0.683,0.698,0.698
2026-08-13 03:45:00,0.511,0.155,0.004,0.1,0.029,0.799,0.0,3,3,0.675,0.651,0.708
2026-08-13 04:00:00,0.512,0.155,0.0,0.0,0.022,0.689,0.0,4,3,0.809,0.669,0.748
2026-08-13 04:15:00,0.517,0.147,0.036,0.0,0.024,0.725,0.0,4,3,0.718,0.716,0.698
2026-08-13 04:30:00,0.515,0.149,0.026,0.032,0.024,0.746,0.0,4,3,0.699,0.683,0.702
2026-08-13 04:45:00,0.506,0.153,0.061,0.099,0.004,0.822,0.0,4,3,0.799,0.675,0.761
2026-08-13 05:00:00,0.502,0.151,0.088,0.266,0.009,1.016,0.062,5,3,0.689,0.809,0.749
2026-08-13 05:15:00,0.499,0.128,0.122,0.118,0.021,0.887,0.199,5,3,0.725,0.718,0.86
2026-08-13 05:30:00,0.485,0.148,0.182,0.161,0.003,0.979,0.012,5,3,0.746,0.699,0.879
2026-08-13 05:45:00,0.494,0.141,0.222,0.006,0.028,0.893,0.0,5,3,0.822,0.799,1.23
2026-08-13 06:00:00,0.466,0.102,0.257,0.0,0.029,0.854,0.0,6,3,1.016,0.689,0.936
2026-08-13 06:15:00,0.498,0.13,0.276,0.095,0.023,1.022,0.306,6,3,0.887,0.725,0.896
2026-08-13 06:30:00,0.48,0.104,0.306,0.121,0.009,1.02,0.503,6,3,0.979,0.746,1.05
2026-08-13 06:45:00,0.478,0.097,0.324,0.027,0.034,0.959,0.888,6,3,0.893,0.822,1.112
2026-08-13 07:00:00,0.504,0.109,0.268,0.147,0.04,1.068,1.207,7,3,0.854,1.016,1.239
2026-08-13 07:15:00,0.528,0.105,0.246,0.239,0.021,1.139,1.464,7,3,1.022,0.887,0.978
2026-08-13 07:30:00,0.518,0.104,0.154,0.275,0.025,1.077,1.764,7,3,1.02,0.979,0.873
2026-08-13 07:45:00,0.469,0.106,0.141,0.336,0.022,1.073,2.029,7,3,0.959,0.893,1.126
2026-08-13 08:00:00,0.48,0.121,0.075,0.367,0.025,1.069,2.068,8,3,1.068,0.854,0.871
2026-08-13 08:15:00,0.519,0.089,0.035,0.348,0.019,1.009,2.558,8,3,1.139,1.022,1.02
2026-08-13 08:30:00,0.48,0.105,0.026,0.414,0.02,1.045,2.666,8,3,1.077,1.02,1.05
2026-08-13 08:45:00,0.496,0.091,0.048,0.421,0.029,1.084,2.851,8,3,1.073,0.959,1.175
2026-08-13 09:00:00,0.511,0.106,0.032,0.802,0.043,1.494,3.064,9,3,1.069,1.068,1.332
2026-08-13 09:15:00,0.481,0.091,0.012,0.715,0.407,1.705,3.419,9,3,1.009,1.139,1.652
2026-08-13 09:30:00,0.502,0.096,0.0,0.789,0.019,1.406,3.54,9,3,1.045,1.077,2.128
2026-08-13 09:45:00,0.473,0.097,0.0,0.824,0.008,1.402,3.565,9,3,1.084,1.073,1.522
2026-08-13 10:00:00,0.488,0.11,0.007,1.321,0.036,1.962,3.936,10,3,1.494,1.069,1.698
2026-08-13 10:15:00,0.506,0.109,0.004,1.037,0.014,1.671,3.883,10,3,1.705,1.009,2.313
2026-08-13 10:30:00,0.468,0.088,0.0,1.223,0.006,1.784,4.162,10,3,1.406,1.045,2.571
2026-08-13 10:45:00,0.509,0.101,0.0,1.432,0.026,2.068,4.276,10,3,1.402,1.084,2.126
2026-08-13 11:00:00,0.5,0.093,0.0,1.576,0.037,2.206,4.426,11,3,1.962,1.494,2.174
2026-08-13 11:15:00,0.511,0.087,0.011,1.738,0.027,2.374,4.582,11,3,1.671,1.705,2.271
2026-08-13 11:30:00,0.504,0.098,0.0,1.947,0.022,2.572,4.315,11,3,1.784,1.406,2.28
2026-08-13 11:45:00,0.527,0.097,0.0,1.938,0.024,2.586,4.475,11,3,2.068,1.402,2.953
2026-08-13 12:00:00,0.503,0.124,0.003,1.896,0.034,2.56,4.462,12,3,2.206,1.962,2.691
2026-08-13 12:15:00,0.491,0.104,0.017,2.083,0.011,2.707,4.524,12,3,2.374,1.671,2.772
2026-08-13 12:30:00,0.502,0.086,0.014,2.237,0.019,2.858,4.473,12,3,2.572,1.784,2.76
2026-08-13 12:45:00,0.511,0.094,0.012,2.499,0.015,3.131,4.368,12,3,2.586,2.068,2.807
2026-08-13 13:00:00,0.501,0.11,0.0,2.225,0.008,2.845,4.293,13,3,2.56,2.206,2.899
2026-08-13 13:15:00,0.501,0.121,0.0,2.543,0.017,3.182,4.14,13,3,2.707,2.374,3.139
2026-08-13 13:30:00,0.486,0.084,0.0,2.484,0.031,3.085,4.247,13,3,2.858,2.572,3.199
2026-08-13 13:45:00,0.487,0.081,0.02,2.575,0.026,3.189,4.073,13,3,3.131,2.586,3.106
2026-08-13 14:00:00,0.472,0.119,0.028,2.49,0.026,3.135,3.98,14,3,2.845,2.56,3.214
2026-08-13 14:15:00,0.535,0.104,0.015,2.407,0.021,3.082,3.702,14,3,3.182,2.707,3.143
2026-08-13 14:30:00,0.475,0.091,0.01,2.541,0.025,3.142,3.496,14,3,3.085,2.858,3.078
2026-08-13 14:45:00,0.486,0.105,0.01,2.489,0.012,3.102,3.268,14,3,3.189,3.131,3.391
2026-08-13 15:00:00,0.486,0.074,0.0,2.462,0.017,3.038,3.211,15,3,3.135,2.845,3.119
2026-08-13 15:15:00,0.518,0.1,0.003,2.291,0.527,3.438,2.856,15,3,3.082,3.182,2.969
2026-08-13 15:30:00,0.494,0.103,0.042,2.146,0.023,2.808,2.918,15,3,3.142,3.085,3.069
2026-08-13 15:45:00,0.525,0.109,0.0,1.953,0.472,3.059,2.364,15,3,3.102,3.189,2.662
2026-08-13 16:00:00,0.487,0.09,0.052,2.084,0.019,2.731,2.272,16,3,3.038,3.135,2.744
2026-08-13 16:15:00,0.506,0.101,0.022,1.929,0.016,2.574,2.143,16,3,3.438,3.082,2.525
2026-08-13 16:30:00,0.483,0.091,0.067,1.67,0.052,2.363,1.778,16,3,2.808,3.142,2.312
2026-08-13 16:45:00,0.543,0.103,0.028,1.589,0.029,2.291,1.461,16,3,3.059,3.102,2.3
2026-08-13 17:00:00,0.476,0.091,0.087,1.47,0.024,2.148,1.065,17,3,2.731,3.038,2.262
2026-08-13 17:15:00,0.506,0.096,0.083,1.242,0.018,1.944,0.738,17,3,2.574,3.438,2.799
2026-08-13 17:30:00,0.513,0.09,0.095,1.184,0.772,2.654,0.663,17,3,2.363,2.808,1.971
2026-08-13 17:45:00,0.508,0.107,0.156,1.031,0.019,1.821,0.444,17,3,2.291,3.059,1.764
2026-08-13 18:00:00,0.496,0.109,0.202,0.987,0.023,1.816,0.0,18,3,2.148,2.731,1.853
2026-08-13 18:15:00,0.497,0.098,0.195,0.843,0.001,1.634,0.0,18,3,1.944,2.574,1.52
2026-08-13 18:30:00,0.501,0.1,0.21,0.649,0.004,1.465,0.0,18,3,2.654,2.363,1.669
2026-08-13 18:45:00,0.497,0.086,0.263,0.916,0.014,1.775,0.0,18,3,1.821,2.291,1.586
2026-08-13 19:00:00,0.519,0.097,0.282,0.749,0.022,1.669,0.0,19,3,1.816,2.148,1.645
2026-08-13 19:15:00,0.544,0.099,0.307,0.463,0.018,1.431,0.16,19,3,1.634,1.944,1.575
2026-08-13 19:30:00,0.489,0.126,0.319,0.493,0.035,1.462,0.067,19,3,1.465,2.654,1.328
2026-08-13 19:45:00,0.473,0.089,0.295,0.44,0.005,1.301,0.031,19,3,1.775,1.821,1.331
2026-08-13 20:00:00,0.498,0.165,0.321,0.457,0.012,1.454,0.0,20,3,1.669,1.816,1.222
2026-08-13 20:15:00,0.552,0.16,0.269,0.204,0.035,1.22,0.0,20,3,1.431,1.634,1.104
2026-08-13 20:30:00,0.484,0.153,0.233,0.348,0.021,1.24,0.141,20,3,1.462,1.465,1.169
2026-08-13 20:45:00,0.533,0.168,0.18,0.144,0.029,1.053,0.02,20,3,1.301,1.775,0.967
2026-08-13 21:00:00,0.534,0.154,0.177,0.031,0.041,0.935,0.0,21,3,1.454,1.669,0.989
2026-08-13 21:15:00,0.489,0.154,0.145,0.207,0.013,1.008,0.0,21,3,1.22,1.431,0.892
2026-08-13 21:30:00,0.511,0.149,0.143,0.239,0.019,1.061,0.0,21,3,1.24,1.462,0.936
2026-08-13 21:45:00,0.533,0.162,0.107,0.348,0.017,1.166,0.0,21,3,1.053,1.301,1.034
2026-08-13 22:00:00,0.492,0.161,0.051,0.0,0.0,0.705,0.056,22,3,0.935,1.454,0.768
2026-08-13 22:15:00,0.496,0.144,0.059,0.127,0.017,0.843,0.0,22,3,1.008,1.22,0.677
2026-08-13 22:30:00,0.488,0.137,0.054,0.004,0.029,0.712,0.0,22,3,1.061,1.24,0.71
2026-08-13 22:45:00,0.48,0.148,0.059,0.114,0.025,0.826,0.131,22,3,1.166,1.053,0.68
2026-08-13 23:00:00,0.487,0.142,0.037,0.0,0.026,0.693,0.0,23,3,0.705,0.935,0.788
2026-08-13 23:15:00,0.476,0.149,0.028,0.0,0.016,0.67,0.186,23,3,0.843,1.008,0.705
2026-08-13 23:30:00,0.501,0.162,0.01,0.0,0.013,0.686,0.0,23,3,0.712,1.061,0.638
2026-08-13 23:45:00,0.485,0.145,0.013,0.021,0.033,0.697,0.009,23,3,0.826,1.166,0.686
2026-08-14 00:00:00,0.505,0.15,0.025,0.0,0.015,0.694,0.0,0,4,0.693,0.705,0.782
2026-08-14 00:15:00,0.469,0.151,0.0,0.066,0.023,0.708,0.012,0,4,0.67,0.843,0.627
2026-08-14 00:30:00,0.507,0.158,0.0,0.103,0.022,0.79,0.044,0,4,0.686,0.712,0.738
2026-08-14 00:45:00,0.517,0.128,0.0,0.06,0.035,0.739,0.043,0,4,0.697,0.826,0.732
2026-08-14 01:00:00,0.46,0.144,0.008,0.162,0.03,0.803,0.0,1,4,0.694,0.693,0.691
2026-08-14 01:15:00,0.507,0.152,0.025,0.042,0.007,0.733,0.0,1,4,0.708,0.67,0.923
2026-08-14 01:30:00,0.525,0.162,0.0,0.0,0.008,0.695,0.25,1,4,0.79,0.686,0.698
2026-08-14 01:45:00,0.476,0.145,0.0,0.137,0.026,0.784,0.0,1,4,0.739,0.697,0.651
2026-08-14 02:00:00,0.533,0.131,0.0,0.0,0.019,0.684,0.07,2,4,0.803,0.694,0.669
2026-08-14 02:15:00,0.508,0.156,0.018,0.092,0.015,0.791,0.0,2,4,0.733,0.708,0.716
2026-08-14 02:30:00,0.486,0.144,0.011,0.159,0.03,0.83,0.0,2,4,0.695,0.79,0.683
2026-08-14 02:45:00,0.499,0.138,0.009,0.048,0.022,0.716,0.0,2,4,0.784,0.739,0.675
2026-08-14 03:00:00,0.511,0.144,0.0,0.0,0.021,0.675,0.047,3,4,0.684,0.803,0.809
2026-08-14 03:15:00,0.502,0.148,0.0,0.0,0.028,0.677,0.0,3,4,0.791,0.733,0.718
2026-08-14 03:30:00,0.511,0.144,0.014,0.138,0.016,0.822,0.017,3,4,0.83,0.695,0.699
2026-08-14 03:45:00,0.482,0.128,0.0,0.0,0.036,0.645,0.0,3,4,0.716,0.784,0.799
2026-08-14 04:00:00,0.503,0.159,0.057,0.018,0.012,0.749,0.032,4,4,0.675,0.684,0.689
2026-08-14 04:15:00,0.472,0.163,0.035,0.089,0.027,0.785,0.0,4,4,0.677,0.791,0.725
2026-08-14 04:30:00,0.498,0.157,0.029,0.086,0.034,0.804,0.0,4,4,0.822,0.83,0.746
2026-08-14 04:45:00,0.482,0.139,0.053,0.049,0.006,0.729,0.0,4,4,0.645,0.716,0.822
2026-08-14 05:00:00,0.485,0.148,0.096,0.007,0.017,0.752,0.0,5,4,0.749,0.675,1.016
2026-08-14 05:15:00,0.525,0.15,0.133,0.004,0.031,0.843,0.0,5,4,0.785,0.677,0.887
2026-08-14 05:30:00,0.522,0.156,0.204,0.131,0.032,1.045,0.0,5,4,0.804,0.822,0.979
2026-08-14 05:45:00,0.512,0.157,0.23,0.112,0.018,1.03,0.0,5,4,0.729,0.645,0.893
2026-08-14 06:00:00,0.478,0.093,0.25,0.046,0.013,0.879,0.102,6,4,0.752,0.749,0.854
2026-08-14 06:15:00,0.494,0.101,0.329,0.197,0.03,1.15,0.134,6,4,0.843,0.785,1.022
2026-08-14 06:30:00,0.524,0.105,0.301,0.097,0.032,1.059,0.507,6,4,1.045,0.804,1.02
2026-08-14 06:45:00,0.503,0.115,0.306,0.05,0.008,0.982,0.86,6,4,1.03,0.729,0.959
2026-08-14 07:00:00,0.546,0.107,0.253,0.088,0.008,1.002,0.98,7,4,0.879,0.752,1.068
2026-08-14 07:15:00,0.508,0.108,0.234,0.101,0.022,0.973,1.211,7,4,1.15,0.843,1.139
2026-08-14 07:30:00,0.504,0.101,0.188,0.212,0.026,1.031,1.563,7,4,1.059,1.045,1.077
2026-08-14 07:45:00,0.494,0.114,0.1,0.409,0.017,1.133,1.892,7,4,0.982,1.03,1.073
2026-08-14 08:00:00,0.503,0.104,0.138,0.258,0.027,1.029,1.895,8,4,1.002,0.879,1.069
2026-08-14 08:15:00,0.497,0.091,0.091,0.417,0.013,1.109,2.221,8,4,0.973,1.15,1.009
2026-08-14 08:30:00,0.514,0.114,0.033,0.4,0.0,1.061,2.277,8,4,1.031,1.059,1.045
2026-08-14 08:45:00,0.519,0.107,0.002,0.515,0.674,1.816,2.614,8,4,1.133,0.982,1.084
2026-08-14 09:00:00,0.484,0.096,0.02,0.472,0.021,1.093,2.849,9,4,1.029,1.002,1.494
2026-08-14 09:15:00,0.473,0.095,0.009,0.692,0.017,1.286,2.94,9,4,1.109,0.973,1.705
2026-08-14 09:30:00,0.463,0.103,0.01,0.792,0.008,1.377,3.147,9,4,1.061,1.031,1.406
2026-08-14 09:45:00,0.51,0.105,0.005,0.971,0.002,1.593,3.205,9,4,1.816,1.133,1.402
2026-08-14 10:00:00,0.478,0.102,0.011,1.05,0.015,1.656,3.493,10,4,1.093,1.029,1.962
2026-08-14 10:15:00,0.457,0.103,0.029,1.025,0.029,1.643,3.715,10,4,1.286,1.109,1.671
2026-08-14 10:30:00,0.508,0.117,0.011,1.374,0.033,2.043,3.608,10,4,1.377,1.061,1.784
2026-08-14 10:45:00,0.55,0.111,0.0,1.411,0.032,2.104,3.748,10,4,1.593,1.816,2.068
2026-08-14 11:00:00,0.5,0.102,0.027,1.536,0.012,2.177,3.937,11,4,1.656,1.093,2.206
2026-08-14 11:15:00,0.517,0.109,0.033,1.641,0.008,2.309,4.068,11,4,1.643,1.286,2.374
2026-08-14 11:30:00,0.502,0.09,0.063,1.715,0.025,2.394,3.84,11,4,2.043,1.377,2.572
2026-08-14 11:45:00,0.498,0.104,0.0,1.909,0.026,2.537,3.999,11,4,2.104,1.593,2.586
2026-08-14 12:00:00,0.518,0.118,0.005,2.049,0.024,2.715,4.053,12,4,2.177,1.656,2.56
2026-08-14 12:15:00,0.494,0.098,0.0,1.934,0.0,2.526,4.005,12,4,2.309,1.643,2.707
2026-08-14 12:30:00,0.505,0.092,0.011,2.152,0.011,2.772,3.742,12,4,2.394,2.043,2.858
2026-08-14 12:45:00,0.506,0.093,0.0,2.267,0.02,2.886,3.997,12,4,2.537,2.104,3.131
2026-08-14 13:00:00,0.487,0.089,0.038,2.391,0.025,3.03,4.039,13,4,2.715,2.177,2.845
2026-08-14 13:15:00,0.52,0.092,0.0,2.542,0.028,3.182,3.822,13,4,2.526,2.309,3.182
2026-08-14 13:30:00,0.497,0.096,0.0,2.388,0.784,3.765,3.615,13,4,2.772,2.394,3.085
2026-08-14 13:45:00,0.485,0.086,0.0,2.442,0.023,3.036,3.558,13,4,2.886,2.537,3.189
2026-08-14 14:00:00,0.511,0.1,0.0,2.449,0.021,3.08,3.662,14,4,3.03,2.715,3.135
2026-08-14 14:15:00,0.482,0.109,0.016,2.411,0.507,3.525,3.437,14,4,3.182,2.526,3.082
2026-08-14 14:30:00,0.501,0.091,0.0,2.431,0.556,3.578,3.257,14,4,3.765,2.772,3.142
2026-08-14 14:45:00,0.5,0.115,0.003,2.5,0.021,3.138,3.061,14,4,3.036,2.886,3.102
2026-08-14 15:00:00,0.522,0.105,0.0,2.26,0.017,2.904,2.779,15,4,3.08,3.03,3.038
2026-08-14 15:15:00,0.509,0.11,0.0,2.335,0.021,2.976,2.633,15,4,3.525,3.182,3.438
2026-08-14 15:30:00,0.499,0.093,0.041,2.036,0.025,2.695,2.442,15,4,3.578,3.765,2.808
2026-08-14 15:45:00,0.516,0.109,0.02,2.053,0.023,2.721,2.291,15,4,3.138,3.036,3.059
2026-08-14 16:00:00,0.528,0.089,0.002,1.969,0.024,2.612,2.163,16,4,2.904,3.08,2.731
2026-08-14 16:15:00,0.511,0.109,0.028,2.055,0.033,2.736,1.892,16,4,2.976,3.525,2.574
2026-08-14 16:30:00,0.5,0.102,0.041,1.739,0.023,2.405,1.398,16,4,2.695,3.578,2.363
2026-08-14 16:45:00,0.474,0.106,0.065,1.422,0.366,2.433,1.316,16,4,2.721,3.138,2.291
2026-08-14 17:00:00,0.479,0.088,0.047,1.316,0.029,1.96,1.115,17,4,2.612,2.904,2.148
2026-08-14 17:15:00,0.494,0.091,0.109,1.394,0.006,2.094,0.847,17,4,2.736,2.976,1.944
2026-08-14 17:30:00,0.488,0.106,0.069,1.327,0.009,1.999,0.462,17,4,2.405,2.695,2.654
2026-08-14 17:45:00,0.496,0.091,0.139,1.182,0.023,1.932,0.555,17,4,2.433,2.721,1.821
2026-08-14 18:00:00,0.501,0.105,0.172,1.045,0.025,1.848,0.0,18,4,1.96,2.612,1.816
2026-08-14 18:15:00,0.511,0.086,0.225,1.033,0.008,1.862,0.0,18,4,2.094,2.736,1.634
2026-08-14 18:30:00,0.499,0.108,0.241,0.758,0.016,1.622,0.023,18,4,1.999,2.405,1.465
2026-08-14 18:45:00,0.51,0.088,0.237,0.803,0.014,1.651,0.212,18,4,1.932,2.433,1.775
2026-08-14 19:00:00,0.501,0.106,0.264,0.46,0.015,1.346,0.0,19,4,1.848,1.96,1.669
2026-08-14 19:15:00,0.46,0.106,0.3,0.45,0.029,1.346,0.0,19,4,1.862,2.094,1.431
2026-08-14 19:30:00,0.481,0.093,0.298,0.285,0.027,1.185,0.108,19,4,1.622,1.999,1.462
2026-08-14 19:45:00,0.497,0.106,0.284,0.371,0.02,1.278,0.0,19,4,1.651,1.932,1.301
2026-08-14 20:00:00,0.476,0.153,0.274,0.334,0.015,1.251,0.0,20,4,1.346,1.848,1.454
2026-08-14 20:15:00,0.512,0.145,0.279,0.297,0.007,1.239,0.057,20,4,1.346,1.862,1.22
2026-08-14 20:30:00,0.531,0.14,0.23,0.245,0.034,1.18,0.027,20,4,1.185,1.622,1.24
2026-08-14 20:45:00,0.524,0.13,0.21,0.106,0.026,0.997,0.103,20,4,1.278,1.651,1.053
2026-08-14 21:00:00,0.496,0.153,0.225,0.145,0.013,1.033,0.129,21,4,1.251,1.346,0.935
2026-08-14 21:15:00,0.53,0.134,0.123,0.0,0.027,0.815,0.031,21,4,1.239,1.346,1.008
2026-08-14 21:30:00,0.503,0.151,0.086,0.246,0.019,1.006,0.029,21,4,1.18,1.185,1.061
2026-08-14 21:45:00,0.493,0.147,0.113,0.059,0.017,0.829,0.021,21,4,0.997,1.278,1.166
2026-08-14 22:00:00,0.488,0.157,0.061,0.023,0.024,0.753,0.049,22,4,1.033,1.251,0.705
2026-08-14 22:15:00,0.494,0.147,0.05,0.216,0.013,0.919,0.006,22,4,0.815,1.239,0.843
2026-08-14 22:30:00,0.492,0.147,0.025,0.0,0.017,0.68,0.0,22,4,1.006,1.18,0.712
2026-08-14 22:45:00,0.503,0.157,0.023,0.0,0.021,0.705,0.12,22,4,0.829,0.997,0.826
2026-08-14 23:00:00,0.503,0.153,0.052,0.0,0.015,0.723,0.152,23,4,0.753,1.033,0.693
2026-08-14 23:15:00,0.5,0.153,0.029,0.015,0.027,0.724,0.0,23,4,0.919,0.815,0.67
2026-08-14 23:30:00,0.509,0.155,0.026,0.06,0.039,0.788,0.001,23,4,0.68,1.006,0.686
2026-08-14 23:45:00,0.524,0.135,0.0,0.087,0.012,0.758,0.0,23,4,0.705,0.829,0.697
